QuoteId,MinPrice,Direct,OutboundLegCarrierIds,OutboundLegOriginId,OutboundLegDestinationId,OutboundLegDepartureDate,InboundLegCarrierIds,InboundLegOriginId,InboundLegDestinationId,InboundLegDepartureDate,QuoteDateTime,OutboundPlaceIataCode,OutboundPlaceName,OutboundPlaceType,InboundPlaceIataCode,InboundPlaceName,InboundPlaceType,OutboundCarrierName,InboundCarrierName
4,51618,True,1914,43268,66270,2017-05-01T00:00:00,1914,66270,43268,2017-05-01T00:00:00,2017-04-14T19:21:00,BUD,Budapest,Station,LTN,London Luton,Station,Wizz Air,Wizz Air
5,34818,True,1914,43268,66270,2017-05-01T00:00:00,1914,66270,43268,2017-05-02T00:00:00,2017-04-13T18:26:00,BUD,Budapest,Station,LTN,London Luton,Station,Wizz Air,Wizz Air
6,95850,True,881,43268,65698,2017-05-01T00:00:00,881,65698,43268,2017-05-03T00:00:00,2017-04-16T07:50:00,BUD,Budapest,Station,LHR,London Heathrow,Station,British Airways,British Airways
7,67715,False,1384,43268,65465,2017-05-01T00:00:00,1368,65698,43268,2017-05-03T00:00:00,2017-04-16T07:50:00,BUD,Budapest,Station,LHR,London Heathrow,Station,Swiss,Lufthansa
8,50160,True,1914,43268,66270,2017-05-01T00:00:00,1914,66270,43268,2017-05-04T00:00:00,2017-04-13T18:26:00,BUD,Budapest,Station,LTN,London Luton,Station,Wizz Air,Wizz Air
9,40067,True,1914,43268,66270,2017-05-01T00:00:00,1914,66270,43268,2017-05-05T00:00:00,2017-04-02T12:23:00,BUD,Budapest,Station,LTN,London Luton,Station,Wizz Air,Wizz Air
10,51166,True,1914,43268,66270,2017-05-01T00:00:00,1914,66270,43268,2017-05-06T00:00:00,2017-04-09T17:29:00,BUD,Budapest,Station,LTN,London Luton,Station,Wizz Air,Wizz Air
11,36573,True,1914,43268,66270,2017-05-01T00:00:00,1914,66270,43268,2017-05-07T00:00:00,2017-04-12T22:12:00,BUD,Budapest,Station,LTN,London Luton,Station,Wizz Air,Wizz Air
12,29897,True,1914,43268,66270,2017-05-01T00:00:00,1914,66270,43268,2017-05-08T00:00:00,2017-04-03T20:21:00,BUD,Budapest,Station,LTN,London Luton,Station,Wizz Air,Wizz Air
13,33432,True,1914,43268,66270,2017-05-01T00:00:00,1914,66270,43268,2017-05-09T00:00:00,2017-04-13T06:11:00,BUD,Budapest,Station,LTN,London Luton,Station,Wizz Air,Wizz Air
14,28501,True,1914,43268,66270,2017-05-01T00:00:00,1914,66270,43268,2017-05-10T00:00:00,2017-04-03T21:23:00,BUD,Budapest,Station,LTN,London Luton,Station,Wizz Air,Wizz Air
15,47432,True,1914,43268,66270,2017-05-01T00:00:00,1914,66270,43268,2017-05-12T00:00:00,2017-04-10T18:29:00,BUD,Budapest,Station,LTN,London Luton,Station,Wizz Air,Wizz Air
16,46689,True,1914,43268,66270,2017-05-01T00:00:00,1914,66270,43268,2017-05-16T00:00:00,2017-04-09T08:12:00,BUD,Budapest,Station,LTN,London Luton,Station,Wizz Air,Wizz Air
17,72851,False,1368,43268,65698,2017-05-01T00:00:00,1523,65698,43268,2017-05-20T00:00:00,2017-04-11T21:56:00,BUD,Budapest,Station,LHR,London Heathrow,Station,Lufthansa,Austrian Airlines
18,96271,True,881,43268,65698,2017-05-01T00:00:00,881,65698,43268,2017-05-27T00:00:00,2017-04-05T13:48:00,BUD,Budapest,Station,LHR,London Heathrow,Station,British Airways,British Airways
19,52714,True,1914,43268,66270,2017-05-01T00:00:00,1914,66270,43268,2017-05-29T00:00:00,2017-04-10T14:48:00,BUD,Budapest,Station,LTN,London Luton,Station,Wizz Air,Wizz Air
20,36457,True,1914,43268,66270,2017-05-01T00:00:00,1914,66270,43268,2017-05-30T00:00:00,2017-04-04T16:33:00,BUD,Budapest,Station,LTN,London Luton,Station,Wizz Air,Wizz Air
26,36079,True,1914,43268,66270,2017-05-02T00:00:00,1914,66270,43268,2017-05-02T00:00:00,2017-04-14T10:28:00,BUD,Budapest,Station,LTN,London Luton,Station,Wizz Air,Wizz Air
27,77670,True,1001,43268,65655,2017-05-02T00:00:00,881,65698,43268,2017-05-03T00:00:00,2017-04-04T13:36:00,BUD,Budapest,Station,LHR,London Heathrow,Station,Norwegian,British Airways
28,63775,False,1368,43268,65465,2017-05-02T00:00:00,1523,65698,43268,2017-05-03T00:00:00,2017-04-04T13:36:00,BUD,Budapest,Station,LHR,London Heathrow,Station,Lufthansa,Austrian Airlines
29,38037,True,1914,43268,66270,2017-05-02T00:00:00,1914,66270,43268,2017-05-04T00:00:00,2017-04-15T18:53:00,BUD,Budapest,Station,LTN,London Luton,Station,Wizz Air,Wizz Air
30,44322,True,1914,43268,66270,2017-05-02T00:00:00,1914,66270,43268,2017-05-05T00:00:00,2017-04-16T03:29:00,BUD,Budapest,Station,LTN,London Luton,Station,Wizz Air,Wizz Air
31,31364,True,1914,43268,66270,2017-05-02T00:00:00,1914,66270,43268,2017-05-06T00:00:00,2017-04-07T06:32:00,BUD,Budapest,Station,LTN,London Luton,Station,Wizz Air,Wizz Air
32,30666,True,1914,43268,66270,2017-05-02T00:00:00,1914,66270,43268,2017-05-07T00:00:00,2017-04-06T12:18:00,BUD,Budapest,Station,LTN,London Luton,Station,Wizz Air,Wizz Air
33,57475,True,881,43268,65698,2017-05-02T00:00:00,881,65698,43268,2017-05-08T00:00:00,2017-04-15T09:31:00,BUD,Budapest,Station,LHR,London Heathrow,Station,British Airways,British Airways
34,26227,True,1914,43268,66270,2017-05-02T00:00:00,1914,66270,43268,2017-05-09T00:00:00,2017-04-14T05:43:00,BUD,Budapest,Station,LTN,London Luton,Station,Wizz Air,Wizz Air
35,59225,False,1384,43268,65465,2017-05-02T00:00:00,1384,65465,43268,2017-05-10T00:00:00,2017-04-12T20:48:00,BUD,Budapest,Station,LCY,London City,Station,Swiss,Swiss
36,63893,True,881,43268,65698,2017-05-02T00:00:00,881,65698,43268,2017-05-11T00:00:00,2017-04-10T12:38:00,BUD,Budapest,Station,LHR,London Heathrow,Station,British Airways,British Airways
37,55713,False,1324,43268,65698,2017-05-02T00:00:00,838,65698,43268,2017-05-11T00:00:00,2017-04-10T12:37:00,BUD,Budapest,Station,LHR,London Heathrow,Station,KLM,Air France
38,28983,True,1914,43268,66270,2017-05-02T00:00:00,1914,66270,43268,2017-05-13T00:00:00,2017-04-13T06:47:00,BUD,Budapest,Station,LTN,London Luton,Station,Wizz Air,Wizz Air
39,52882,True,881,43268,65698,2017-05-02T00:00:00,881,65698,43268,2017-05-14T00:00:00,2017-04-05T05:48:00,BUD,Budapest,Station,LHR,London Heathrow,Station,British Airways,British Airways
40,31927,True,1914,43268,66270,2017-05-02T00:00:00,1914,66270,43268,2017-05-16T00:00:00,2017-04-09T15:08:00,BUD,Budapest,Station,LTN,London Luton,Station,Wizz Air,Wizz Air
41,30666,True,1914,43268,66270,2017-05-02T00:00:00,1914,66270,43268,2017-05-17T00:00:00,2017-04-09T10:37:00,BUD,Budapest,Station,LTN,London Luton,Station,Wizz Air,Wizz Air
42,76751,False,1523,43268,82398,2017-05-02T00:00:00,1368,82398,43268,2017-05-24T00:00:00,2017-04-05T18:22:00,BUD,Budapest,Station,STN,London Stansted,Station,Austrian Airlines,Lufthansa
43,59328,True,881,43268,65698,2017-05-02T00:00:00,881,65698,43268,2017-05-31T00:00:00,2017-04-09T15:35:00,BUD,Budapest,Station,LHR,London Heathrow,Station,British Airways,British Airways
44,51480,False,1324,43268,65698,2017-05-02T00:00:00,838,65698,43268,2017-05-31T00:00:00,2017-04-09T15:35:00,BUD,Budapest,Station,LHR,London Heathrow,Station,KLM,Air France
50,25495,True,1914,43268,66270,2017-05-03T00:00:00,1914,66270,43268,2017-05-03T00:00:00,2017-04-14T10:29:00,BUD,Budapest,Station,LTN,London Luton,Station,Wizz Air,Wizz Air
51,30209,True,1914,43268,66270,2017-05-03T00:00:00,1914,66270,43268,2017-05-04T00:00:00,2017-04-16T20:43:00,BUD,Budapest,Station,LTN,London Luton,Station,Wizz Air,Wizz Air
52,35027,True,1914,43268,66270,2017-05-03T00:00:00,1914,66270,43268,2017-05-05T00:00:00,2017-04-07T19:38:00,BUD,Budapest,Station,LTN,London Luton,Station,Wizz Air,Wizz Air
53,33247,True,1914,43268,66270,2017-05-03T00:00:00,1914,66270,43268,2017-05-06T00:00:00,2017-04-15T01:31:00,BUD,Budapest,Station,LTN,London Luton,Station,Wizz Air,Wizz Air
54,23233,True,1914,43268,66270,2017-05-03T00:00:00,1914,66270,43268,2017-05-07T00:00:00,2017-04-15T07:12:00,BUD,Budapest,Station,LTN,London Luton,Station,Wizz Air,Wizz Air
55,26264,True,1914,43268,66270,2017-05-03T00:00:00,1914,66270,43268,2017-05-08T00:00:00,2017-04-15T07:49:00,BUD,Budapest,Station,LTN,London Luton,Station,Wizz Air,Wizz Air
56,34407,True,1914,43268,66270,2017-05-03T00:00:00,885,81678,43268,2017-05-09T00:00:00,2017-04-10T17:19:00,BUD,Budapest,Station,SEN,London Southend Mncpl,Station,Wizz Air,Flybe
57,25601,True,1914,43268,66270,2017-05-03T00:00:00,1914,66270,43268,2017-05-10T00:00:00,2017-04-16T04:45:00,BUD,Budapest,Station,LTN,London Luton,Station,Wizz Air,Wizz Air
58,58028,True,881,43268,65698,2017-05-03T00:00:00,881,65698,43268,2017-05-11T00:00:00,2017-04-06T21:13:00,BUD,Budapest,Station,LHR,London Heathrow,Station,British Airways,British Airways
59,56532,False,838,43268,65698,2017-05-03T00:00:00,838,65698,43268,2017-05-11T00:00:00,2017-04-06T21:13:00,BUD,Budapest,Station,LHR,London Heathrow,Station,Air France,Air France
60,57922,True,881,43268,65698,2017-05-03T00:00:00,881,65698,43268,2017-05-19T00:00:00,2017-04-13T12:26:00,BUD,Budapest,Station,LHR,London Heathrow,Station,British Airways,British Airways
61,57777,True,881,43268,65698,2017-05-03T00:00:00,881,65698,43268,2017-05-20T00:00:00,2017-04-14T09:20:00,BUD,Budapest,Station,LHR,London Heathrow,Station,British Airways,British Airways
62,48244,True,881,43268,65698,2017-05-03T00:00:00,881,65698,43268,2017-05-21T00:00:00,2017-04-15T06:46:00,BUD,Budapest,Station,LHR,London Heathrow,Station,British Airways,British Airways
63,57777,True,881,43268,65698,2017-05-03T00:00:00,881,65698,43268,2017-05-27T00:00:00,2017-04-14T09:20:00,BUD,Budapest,Station,LHR,London Heathrow,Station,British Airways,British Airways
70,59705,True,1050,43268,65655,2017-05-04T00:00:00,1050,65655,43268,2017-05-04T00:00:00,2017-04-15T20:19:00,BUD,Budapest,Station,LGW,London Gatwick,Station,easyJet,easyJet
71,86007,True,881,43268,65698,2017-05-04T00:00:00,881,65698,43268,2017-05-05T00:00:00,2017-04-10T07:59:00,BUD,Budapest,Station,LHR,London Heathrow,Station,British Airways,British Airways
72,61993,False,1523,43268,65698,2017-05-04T00:00:00,1523,65698,43268,2017-05-05T00:00:00,2017-04-10T07:59:00,BUD,Budapest,Station,LHR,London Heathrow,Station,Austrian Airlines,Austrian Airlines
73,28023,True,1914,43268,66270,2017-05-04T00:00:00,1914,66270,43268,2017-05-06T00:00:00,2017-04-16T17:48:00,BUD,Budapest,Station,LTN,London Luton,Station,Wizz Air,Wizz Air
74,21040,True,1914,43268,66270,2017-05-04T00:00:00,1914,66270,43268,2017-05-07T00:00:00,2017-04-16T11:37:00,BUD,Budapest,Station,LTN,London Luton,Station,Wizz Air,Wizz Air
75,21040,True,1914,43268,66270,2017-05-04T00:00:00,1914,66270,43268,2017-05-08T00:00:00,2017-04-16T20:20:00,BUD,Budapest,Station,LTN,London Luton,Station,Wizz Air,Wizz Air
76,21040,True,1914,43268,66270,2017-05-04T00:00:00,1914,66270,43268,2017-05-09T00:00:00,2017-04-15T17:07:00,BUD,Budapest,Station,LTN,London Luton,Station,Wizz Air,Wizz Air
77,20342,True,1914,43268,66270,2017-05-04T00:00:00,1914,66270,43268,2017-05-10T00:00:00,2017-04-09T16:38:00,BUD,Budapest,Station,LTN,London Luton,Station,Wizz Air,Wizz Air
78,26157,True,885,43268,81678,2017-05-04T00:00:00,885,81678,43268,2017-05-11T00:00:00,2017-04-04T15:43:00,BUD,Budapest,Station,SEN,London Southend Mncpl,Station,Flybe,Flybe
79,64120,True,881,43268,65698,2017-05-04T00:00:00,881,65698,43268,2017-05-12T00:00:00,2017-04-15T14:51:00,BUD,Budapest,Station,LHR,London Heathrow,Station,British Airways,British Airways
80,60033,False,838,43268,65698,2017-05-04T00:00:00,838,65698,43268,2017-05-12T00:00:00,2017-04-15T14:51:00,BUD,Budapest,Station,LHR,London Heathrow,Station,Air France,Air France
81,21737,True,1914,43268,66270,2017-05-04T00:00:00,1914,66270,43268,2017-05-13T00:00:00,2017-04-07T11:59:00,BUD,Budapest,Station,LTN,London Luton,Station,Wizz Air,Wizz Air
82,51383,True,885,43268,81678,2017-05-04T00:00:00,881,65698,43268,2017-05-15T00:00:00,2017-04-13T09:27:00,BUD,Budapest,Station,LHR,London Heathrow,Station,Flybe,British Airways
83,37664,True,885,43268,81678,2017-05-04T00:00:00,885,81678,43268,2017-05-16T00:00:00,2017-04-15T17:31:00,BUD,Budapest,Station,SEN,London Southend Mncpl,Station,Flybe,Flybe
84,29593,True,1914,43268,66270,2017-05-04T00:00:00,1914,66270,43268,2017-05-18T00:00:00,2017-04-16T12:37:00,BUD,Budapest,Station,LTN,London Luton,Station,Wizz Air,Wizz Air
85,71246,True,1050,43268,65655,2017-05-04T00:00:00,1050,65655,43268,2017-05-19T00:00:00,2017-04-16T09:40:00,BUD,Budapest,Station,LGW,London Gatwick,Station,easyJet,easyJet
86,55685,False,1050,43268,65655,2017-05-04T00:00:00,1218,65655,43268,2017-05-19T00:00:00,2017-04-16T09:40:00,BUD,Budapest,Station,LGW,London Gatwick,Station,easyJet,Iberia
87,35780,True,885,43268,81678,2017-05-04T00:00:00,885,81678,43268,2017-05-20T00:00:00,2017-04-13T10:08:00,BUD,Budapest,Station,SEN,London Southend Mncpl,Station,Flybe,Flybe
88,51316,False,885,43268,81678,2017-05-04T00:00:00,1001,65655,43268,2017-05-22T00:00:00,2017-04-13T08:52:00,BUD,Budapest,Station,LGW,London Gatwick,Station,Flybe,Norwegian
89,30311,True,1914,43268,66270,2017-05-04T00:00:00,1914,66270,43268,2017-05-28T00:00:00,2017-04-02T09:43:00,BUD,Budapest,Station,LTN,London Luton,Station,Wizz Air,Wizz Air
93,24894,True,1914,43268,66270,2017-05-05T00:00:00,1914,66270,43268,2017-05-05T00:00:00,2017-04-05T22:20:00,BUD,Budapest,Station,LTN,London Luton,Station,Wizz Air,Wizz Air
94,16153,True,1914,43268,66270,2017-05-05T00:00:00,1914,66270,43268,2017-05-06T00:00:00,2017-04-06T09:37:00,BUD,Budapest,Station,LTN,London Luton,Station,Wizz Air,Wizz Air
95,17911,True,1914,43268,66270,2017-05-05T00:00:00,1914,66270,43268,2017-05-07T00:00:00,2017-04-16T10:46:00,BUD,Budapest,Station,LTN,London Luton,Station,Wizz Air,Wizz Air
96,20358,True,1914,43268,66270,2017-05-05T00:00:00,1914,66270,43268,2017-05-08T00:00:00,2017-04-15T05:53:00,BUD,Budapest,Station,LTN,London Luton,Station,Wizz Air,Wizz Air
97,20358,True,1914,43268,66270,2017-05-05T00:00:00,1914,66270,43268,2017-05-09T00:00:00,2017-04-14T03:46:00,BUD,Budapest,Station,LTN,London Luton,Station,Wizz Air,Wizz Air
98,19081,True,1914,43268,66270,2017-05-05T00:00:00,1914,66270,43268,2017-05-10T00:00:00,2017-04-13T15:48:00,BUD,Budapest,Station,LTN,London Luton,Station,Wizz Air,Wizz Air
99,91374,False,1218,43268,66270,2017-05-05T00:00:00,1218,66270,43268,2017-05-11T00:00:00,2017-04-06T16:56:00,BUD,Budapest,Station,LTN,London Luton,Station,Iberia,Iberia
100,24894,True,1914,43268,66270,2017-05-05T00:00:00,1914,66270,43268,2017-05-12T00:00:00,2017-04-05T16:41:00,BUD,Budapest,Station,LTN,London Luton,Station,Wizz Air,Wizz Air
101,38531,True,1914,43268,66270,2017-05-05T00:00:00,1914,66270,43268,2017-05-14T00:00:00,2017-04-13T19:02:00,BUD,Budapest,Station,LTN,London Luton,Station,Wizz Air,Wizz Air
102,31169,True,1914,43268,66270,2017-05-05T00:00:00,1914,66270,43268,2017-05-15T00:00:00,2017-04-11T14:58:00,BUD,Budapest,Station,LTN,London Luton,Station,Wizz Air,Wizz Air
103,71137,True,881,43268,65698,2017-05-05T00:00:00,881,65698,43268,2017-05-16T00:00:00,2017-04-12T18:06:00,BUD,Budapest,Station,LHR,London Heathrow,Station,British Airways,British Airways
104,54155,False,1384,43268,65698,2017-05-05T00:00:00,1384,65698,43268,2017-05-16T00:00:00,2017-04-16T16:14:00,BUD,Budapest,Station,LHR,London Heathrow,Station,Swiss,Swiss
105,66902,False,1368,43268,82398,2017-05-05T00:00:00,1368,82398,43268,2017-05-17T00:00:00,2017-04-03T12:33:00,BUD,Budapest,Station,STN,London Stansted,Station,Lufthansa,Lufthansa
106,53528,True,881,43268,65698,2017-05-05T00:00:00,881,65698,43268,2017-05-18T00:00:00,2017-04-04T08:43:00,BUD,Budapest,Station,LHR,London Heathrow,Station,British Airways,British Airways
107,21863,True,1914,43268,66270,2017-05-05T00:00:00,1914,66270,43268,2017-05-19T00:00:00,2017-04-03T12:34:00,BUD,Budapest,Station,LTN,London Luton,Station,Wizz Air,Wizz Air
108,29014,True,1914,43268,66270,2017-05-05T00:00:00,1914,66270,43268,2017-05-20T00:00:00,2017-04-16T21:40:00,BUD,Budapest,Station,LTN,London Luton,Station,Wizz Air,Wizz Air
109,48467,True,881,43268,65698,2017-05-05T00:00:00,881,65698,43268,2017-05-23T00:00:00,2017-03-23T19:43:00,BUD,Budapest,Station,LHR,London Heathrow,Station,British Airways,British Airways
110,78529,True,881,43268,65698,2017-05-05T00:00:00,881,65698,43268,2017-05-30T00:00:00,2017-04-16T17:09:00,BUD,Budapest,Station,LHR,London Heathrow,Station,British Airways,British Airways
111,55621,False,1710,43268,65698,2017-05-05T00:00:00,1710,65698,43268,2017-05-30T00:00:00,2017-04-16T17:09:00,BUD,Budapest,Station,LHR,London Heathrow,Station,Brussels Airlines,Brussels Airlines
116,33404,True,1914,43268,66270,2017-05-06T00:00:00,1914,66270,43268,2017-05-06T00:00:00,2017-04-15T19:20:00,BUD,Budapest,Station,LTN,London Luton,Station,Wizz Air,Wizz Air
117,25651,True,1914,43268,66270,2017-05-06T00:00:00,1914,66270,43268,2017-05-07T00:00:00,2017-04-07T14:09:00,BUD,Budapest,Station,LTN,London Luton,Station,Wizz Air,Wizz Air
118,28586,True,1914,43268,66270,2017-05-06T00:00:00,1914,66270,43268,2017-05-08T00:00:00,2017-04-12T16:07:00,BUD,Budapest,Station,LTN,London Luton,Station,Wizz Air,Wizz Air
119,21897,True,885,43268,81678,2017-05-06T00:00:00,885,81678,43268,2017-05-09T00:00:00,2017-04-12T14:35:00,BUD,Budapest,Station,SEN,London Southend Mncpl,Station,Flybe,Flybe
120,25758,True,1914,43268,66270,2017-05-06T00:00:00,1914,66270,43268,2017-05-10T00:00:00,2017-04-16T13:34:00,BUD,Budapest,Station,LTN,London Luton,Station,Wizz Air,Wizz Air
121,25955,True,885,43268,81678,2017-05-06T00:00:00,885,81678,43268,2017-05-11T00:00:00,2017-04-16T11:15:00,BUD,Budapest,Station,SEN,London Southend Mncpl,Station,Flybe,Flybe
123,25025,True,885,43268,81678,2017-05-06T00:00:00,885,81678,43268,2017-05-13T00:00:00,2017-04-13T11:14:00,BUD,Budapest,Station,SEN,London Southend Mncpl,Station,Flybe,Flybe
124,33404,True,1914,43268,66270,2017-05-06T00:00:00,1914,66270,43268,2017-05-14T00:00:00,2017-04-13T19:04:00,BUD,Budapest,Station,LTN,London Luton,Station,Wizz Air,Wizz Air
125,42541,True,885,43268,81678,2017-05-06T00:00:00,885,81678,43268,2017-05-16T00:00:00,2017-04-12T18:06:00,BUD,Budapest,Station,SEN,London Southend Mncpl,Station,Flybe,Flybe
126,50426,False,838,43268,65698,2017-05-06T00:00:00,838,65698,43268,2017-05-17T00:00:00,2017-04-11T19:52:00,BUD,Budapest,Station,LHR,London Heathrow,Station,Air France,Air France
127,32040,True,1914,43268,66270,2017-05-06T00:00:00,1914,66270,43268,2017-05-21T00:00:00,2017-04-16T21:47:00,BUD,Budapest,Station,LTN,London Luton,Station,Wizz Air,Wizz Air
128,59025,True,881,43268,65698,2017-05-06T00:00:00,881,65698,43268,2017-05-30T00:00:00,2017-04-13T13:02:00,BUD,Budapest,Station,LHR,London Heathrow,Station,British Airways,British Airways
136,35434,True,1914,43268,66270,2017-05-07T00:00:00,1914,66270,43268,2017-05-07T00:00:00,2017-04-08T09:40:00,BUD,Budapest,Station,LTN,London Luton,Station,Wizz Air,Wizz Air
137,34039,True,1914,43268,66270,2017-05-07T00:00:00,1914,66270,43268,2017-05-08T00:00:00,2017-04-07T14:10:00,BUD,Budapest,Station,LTN,London Luton,Station,Wizz Air,Wizz Air
139,30200,True,1914,43268,66270,2017-05-07T00:00:00,1914,66270,43268,2017-05-10T00:00:00,2017-04-06T18:53:00,BUD,Budapest,Station,LTN,London Luton,Station,Wizz Air,Wizz Air
140,36623,True,1914,43268,66270,2017-05-07T00:00:00,1914,66270,43268,2017-05-11T00:00:00,2017-04-11T17:54:00,BUD,Budapest,Station,LTN,London Luton,Station,Wizz Air,Wizz Air
141,37805,True,1914,43268,66270,2017-05-07T00:00:00,1914,66270,43268,2017-05-13T00:00:00,2017-04-16T12:01:00,BUD,Budapest,Station,LTN,London Luton,Station,Wizz Air,Wizz Air
142,46214,True,1914,43268,66270,2017-05-07T00:00:00,1914,66270,43268,2017-05-14T00:00:00,2017-04-13T19:04:00,BUD,Budapest,Station,LTN,London Luton,Station,Wizz Air,Wizz Air
143,70689,True,881,43268,65698,2017-05-07T00:00:00,881,65698,43268,2017-05-15T00:00:00,2017-04-03T06:40:00,BUD,Budapest,Station,LHR,London Heathrow,Station,British Airways,British Airways
144,56429,False,1368,43268,65698,2017-05-07T00:00:00,1384,65698,43268,2017-05-15T00:00:00,2017-04-03T06:39:00,BUD,Budapest,Station,LHR,London Heathrow,Station,Lufthansa,Swiss
145,63371,False,1368,43268,65698,2017-05-07T00:00:00,1384,65698,43268,2017-05-16T00:00:00,2017-04-12T18:09:00,BUD,Budapest,Station,LHR,London Heathrow,Station,Lufthansa,Swiss
146,100927,True,1001,43268,65655,2017-05-07T00:00:00,885,81678,43268,2017-05-16T00:00:00,2017-04-12T18:09:00,BUD,Budapest,Station,SEN,London Southend Mncpl,Station,Norwegian,Flybe
147,38193,True,1914,43268,66270,2017-05-07T00:00:00,1914,66270,43268,2017-05-21T00:00:00,2017-04-11T10:55:00,BUD,Budapest,Station,LTN,London Luton,Station,Wizz Air,Wizz Air
148,84668,False,1218,43268,66270,2017-05-07T00:00:00,1001,65655,43268,2017-05-28T00:00:00,2017-04-05T07:50:00,BUD,Budapest,Station,LGW,London Gatwick,Station,Iberia,Norwegian
149,143306,True,881,43268,65698,2017-05-07T00:00:00,1001,65655,43268,2017-05-28T00:00:00,2017-04-05T07:50:00,BUD,Budapest,Station,LGW,London Gatwick,Station,British Airways,Norwegian
155,26074,True,1914,43268,66270,2017-05-08T00:00:00,1914,66270,43268,2017-05-08T00:00:00,2017-04-15T04:49:00,BUD,Budapest,Station,LTN,London Luton,Station,Wizz Air,Wizz Air
156,28839,True,1914,43268,66270,2017-05-08T00:00:00,1914,66270,43268,2017-05-09T00:00:00,2017-04-15T12:00:00,BUD,Budapest,Station,LTN,London Luton,Station,Wizz Air,Wizz Air
157,24112,True,1914,43268,66270,2017-05-08T00:00:00,1914,66270,43268,2017-05-10T00:00:00,2017-04-14T10:13:00,BUD,Budapest,Station,LTN,London Luton,Station,Wizz Air,Wizz Air
158,38664,True,1914,43268,66270,2017-05-08T00:00:00,1914,66270,43268,2017-05-11T00:00:00,2017-04-12T15:19:00,BUD,Budapest,Station,LTN,London Luton,Station,Wizz Air,Wizz Air
159,42749,True,1914,43268,66270,2017-05-08T00:00:00,1914,66270,43268,2017-05-12T00:00:00,2017-04-16T01:58:00,BUD,Budapest,Station,LTN,London Luton,Station,Wizz Air,Wizz Air
160,24403,True,1914,43268,66270,2017-05-08T00:00:00,1914,66270,43268,2017-05-13T00:00:00,2017-04-12T15:29:00,BUD,Budapest,Station,LTN,London Luton,Station,Wizz Air,Wizz Air
161,37649,True,1914,43268,66270,2017-05-08T00:00:00,1914,66270,43268,2017-05-14T00:00:00,2017-04-13T19:04:00,BUD,Budapest,Station,LTN,London Luton,Station,Wizz Air,Wizz Air
162,25567,True,1914,43268,66270,2017-05-08T00:00:00,1914,66270,43268,2017-05-15T00:00:00,2017-04-08T09:04:00,BUD,Budapest,Station,LTN,London Luton,Station,Wizz Air,Wizz Air
163,34896,True,1914,43268,66270,2017-05-08T00:00:00,1914,66270,43268,2017-05-16T00:00:00,2017-04-14T19:14:00,BUD,Budapest,Station,LTN,London Luton,Station,Wizz Air,Wizz Air
164,26264,True,1914,43268,66270,2017-05-08T00:00:00,1914,66270,43268,2017-05-18T00:00:00,2017-04-06T09:28:00,BUD,Budapest,Station,LTN,London Luton,Station,Wizz Air,Wizz Air
165,118014,True,881,43268,65698,2017-05-08T00:00:00,881,65698,43268,2017-05-26T00:00:00,2017-04-15T14:23:00,BUD,Budapest,Station,LHR,London Heathrow,Station,British Airways,British Airways
166,76375,False,1523,43268,65698,2017-05-08T00:00:00,1523,65698,43268,2017-05-26T00:00:00,2017-04-15T14:23:00,BUD,Budapest,Station,LHR,London Heathrow,Station,Austrian Airlines,Austrian Airlines
167,59399,True,881,43268,65698,2017-05-08T00:00:00,881,65698,43268,2017-05-29T00:00:00,2017-04-05T13:43:00,BUD,Budapest,Station,LHR,London Heathrow,Station,British Airways,British Airways
168,55964,False,1523,43268,65698,2017-05-08T00:00:00,1523,65698,43268,2017-05-29T00:00:00,2017-04-05T13:43:00,BUD,Budapest,Station,LHR,London Heathrow,Station,Austrian Airlines,Austrian Airlines
169,59025,True,881,43268,65698,2017-05-08T00:00:00,881,65698,43268,2017-05-30T00:00:00,2017-04-13T11:56:00,BUD,Budapest,Station,LHR,London Heathrow,Station,British Airways,British Airways
170,62322,False,1523,43268,65698,2017-05-08T00:00:00,1523,65698,43268,2017-05-31T00:00:00,2017-04-04T17:34:00,BUD,Budapest,Station,LHR,London Heathrow,Station,Austrian Airlines,Austrian Airlines
178,29355,True,1914,43268,66270,2017-05-09T00:00:00,1914,66270,43268,2017-05-09T00:00:00,2017-04-16T15:21:00,BUD,Budapest,Station,LTN,London Luton,Station,Wizz Air,Wizz Air
179,27118,True,1914,43268,66270,2017-05-09T00:00:00,1914,66270,43268,2017-05-10T00:00:00,2017-04-13T19:04:00,BUD,Budapest,Station,LTN,London Luton,Station,Wizz Air,Wizz Air
180,25955,True,885,43268,81678,2017-05-09T00:00:00,885,81678,43268,2017-05-11T00:00:00,2017-04-16T06:11:00,BUD,Budapest,Station,SEN,London Southend Mncpl,Station,Flybe,Flybe
181,36545,True,1914,43268,66270,2017-05-09T00:00:00,1914,66270,43268,2017-05-12T00:00:00,2017-04-13T19:04:00,BUD,Budapest,Station,LTN,London Luton,Station,Wizz Air,Wizz Air
182,21881,True,885,43268,81678,2017-05-09T00:00:00,885,81678,43268,2017-05-13T00:00:00,2017-04-13T19:04:00,BUD,Budapest,Station,SEN,London Southend Mncpl,Station,Flybe,Flybe
183,33404,True,1914,43268,66270,2017-05-09T00:00:00,1914,66270,43268,2017-05-14T00:00:00,2017-04-13T19:04:00,BUD,Budapest,Station,LTN,London Luton,Station,Wizz Air,Wizz Air
184,54978,False,1324,43268,65698,2017-05-09T00:00:00,838,65698,43268,2017-05-15T00:00:00,2017-04-07T07:42:00,BUD,Budapest,Station,LHR,London Heathrow,Station,KLM,Air France
185,26397,True,885,43268,81678,2017-05-09T00:00:00,885,81678,43268,2017-05-16T00:00:00,2017-04-05T15:40:00,BUD,Budapest,Station,SEN,London Southend Mncpl,Station,Flybe,Flybe
186,37705,True,885,43268,81678,2017-05-09T00:00:00,885,81678,43268,2017-05-18T00:00:00,2017-04-14T19:44:00,BUD,Budapest,Station,SEN,London Southend Mncpl,Station,Flybe,Flybe
187,58472,False,1523,43268,65698,2017-05-09T00:00:00,1523,65698,43268,2017-05-19T00:00:00,2017-04-05T15:42:00,BUD,Budapest,Station,LHR,London Heathrow,Station,Austrian Airlines,Austrian Airlines
188,37658,True,885,43268,81678,2017-05-09T00:00:00,885,81678,43268,2017-05-23T00:00:00,2017-04-16T03:30:00,BUD,Budapest,Station,SEN,London Southend Mncpl,Station,Flybe,Flybe
189,81964,False,1001,43268,65655,2017-05-09T00:00:00,900,65655,43268,2017-05-24T00:00:00,2017-04-16T19:27:00,BUD,Budapest,Station,LGW,London Gatwick,Station,Norwegian,airBaltic
190,72300,False,1384,43268,65698,2017-05-09T00:00:00,1384,65698,43268,2017-05-26T00:00:00,2017-04-05T15:40:00,BUD,Budapest,Station,LHR,London Heathrow,Station,Swiss,Swiss
191,53703,True,885,43268,81678,2017-05-09T00:00:00,885,81678,43268,2017-05-30T00:00:00,2017-04-10T18:14:00,BUD,Budapest,Station,SEN,London Southend Mncpl,Station,Flybe,Flybe
196,19585,True,1914,43268,66270,2017-05-10T00:00:00,1914,66270,43268,2017-05-10T00:00:00,2017-04-13T19:07:00,BUD,Budapest,Station,LTN,London Luton,Station,Wizz Air,Wizz Air
197,31780,True,1914,43268,66270,2017-05-10T00:00:00,1914,66270,43268,2017-05-11T00:00:00,2017-04-16T18:43:00,BUD,Budapest,Station,LTN,London Luton,Station,Wizz Air,Wizz Air
198,33454,True,1914,43268,66270,2017-05-10T00:00:00,1914,66270,43268,2017-05-12T00:00:00,2017-04-16T08:53:00,BUD,Budapest,Station,LTN,London Luton,Station,Wizz Air,Wizz Air
199,16844,True,1914,43268,66270,2017-05-10T00:00:00,1914,66270,43268,2017-05-13T00:00:00,2017-04-07T09:50:00,BUD,Budapest,Station,LTN,London Luton,Station,Wizz Air,Wizz Air
200,31780,True,1914,43268,66270,2017-05-10T00:00:00,1914,66270,43268,2017-05-14T00:00:00,2017-04-13T15:21:00,BUD,Budapest,Station,LTN,London Luton,Station,Wizz Air,Wizz Air
201,20186,True,1914,43268,66270,2017-05-10T00:00:00,1914,66270,43268,2017-05-15T00:00:00,2017-04-04T10:04:00,BUD,Budapest,Station,LTN,London Luton,Station,Wizz Air,Wizz Air
202,47922,True,881,43268,65698,2017-05-10T00:00:00,881,65698,43268,2017-05-16T00:00:00,2017-04-16T04:24:00,BUD,Budapest,Station,LHR,London Heathrow,Station,British Airways,British Airways
203,34805,True,1914,43268,66270,2017-05-10T00:00:00,1050,65655,43268,2017-05-17T00:00:00,2017-04-05T19:46:00,BUD,Budapest,Station,LGW,London Gatwick,Station,Wizz Air,easyJet
204,58249,True,881,43268,65698,2017-05-10T00:00:00,881,65698,43268,2017-05-18T00:00:00,2017-04-11T11:10:00,BUD,Budapest,Station,LHR,London Heathrow,Station,British Airways,British Airways
205,57065,False,838,43268,65698,2017-05-10T00:00:00,838,65698,43268,2017-05-18T00:00:00,2017-04-11T11:10:00,BUD,Budapest,Station,LHR,London Heathrow,Station,Air France,Air France
206,21581,True,1914,43268,66270,2017-05-10T00:00:00,1914,66270,43268,2017-05-20T00:00:00,2017-04-06T07:27:00,BUD,Budapest,Station,LTN,London Luton,Station,Wizz Air,Wizz Air
207,23155,True,1914,43268,66270,2017-05-10T00:00:00,1914,66270,43268,2017-05-21T00:00:00,2017-04-05T13:05:00,BUD,Budapest,Station,LTN,London Luton,Station,Wizz Air,Wizz Air
208,51562,False,838,43268,65698,2017-05-10T00:00:00,838,65698,43268,2017-05-24T00:00:00,2017-04-03T20:32:00,BUD,Budapest,Station,LHR,London Heathrow,Station,Air France,Air France
209,52912,True,881,43268,65698,2017-05-10T00:00:00,881,65698,43268,2017-05-28T00:00:00,2017-04-13T11:59:00,BUD,Budapest,Station,LHR,London Heathrow,Station,British Airways,British Airways
210,53237,True,881,43268,65698,2017-05-10T00:00:00,881,65698,43268,2017-05-29T00:00:00,2017-04-05T13:37:00,BUD,Budapest,Station,LHR,London Heathrow,Station,British Airways,British Airways
217,25013,True,1914,43268,66270,2017-05-11T00:00:00,1914,66270,43268,2017-05-11T00:00:00,2017-04-13T19:08:00,BUD,Budapest,Station,LTN,London Luton,Station,Wizz Air,Wizz Air
218,33454,True,1914,43268,66270,2017-05-11T00:00:00,1914,66270,43268,2017-05-12T00:00:00,2017-04-16T18:40:00,BUD,Budapest,Station,LTN,London Luton,Station,Wizz Air,Wizz Air
219,21881,True,885,43268,81678,2017-05-11T00:00:00,885,81678,43268,2017-05-13T00:00:00,2017-04-08T16:13:00,BUD,Budapest,Station,SEN,London Southend Mncpl,Station,Flybe,Flybe
220,30313,True,1914,43268,66270,2017-05-11T00:00:00,1914,66270,43268,2017-05-14T00:00:00,2017-04-15T20:59:00,BUD,Budapest,Station,LTN,London Luton,Station,Wizz Air,Wizz Air
221,25601,True,1914,43268,66270,2017-05-11T00:00:00,1914,66270,43268,2017-05-15T00:00:00,2017-04-15T20:57:00,BUD,Budapest,Station,LTN,London Luton,Station,Wizz Air,Wizz Air
222,24134,True,1914,43268,66270,2017-05-11T00:00:00,1914,66270,43268,2017-05-16T00:00:00,2017-04-15T07:40:00,BUD,Budapest,Station,LTN,London Luton,Station,Wizz Air,Wizz Air
223,21581,True,1914,43268,66270,2017-05-11T00:00:00,1914,66270,43268,2017-05-17T00:00:00,2017-04-12T15:59:00,BUD,Budapest,Station,LTN,London Luton,Station,Wizz Air,Wizz Air
224,26395,True,885,43268,81678,2017-05-11T00:00:00,885,81678,43268,2017-05-18T00:00:00,2017-04-11T22:18:00,BUD,Budapest,Station,SEN,London Southend Mncpl,Station,Flybe,Flybe
225,33454,True,1914,43268,66270,2017-05-11T00:00:00,1914,66270,43268,2017-05-19T00:00:00,2017-04-11T22:19:00,BUD,Budapest,Station,LTN,London Luton,Station,Wizz Air,Wizz Air
226,54213,True,881,43268,65698,2017-05-11T00:00:00,881,65698,43268,2017-05-21T00:00:00,2017-04-06T18:05:00,BUD,Budapest,Station,LHR,London Heathrow,Station,British Airways,British Airways
227,53050,False,838,43268,65698,2017-05-11T00:00:00,838,65698,43268,2017-05-21T00:00:00,2017-04-06T18:05:00,BUD,Budapest,Station,LHR,London Heathrow,Station,Air France,Air France
228,54496,True,881,43268,65698,2017-05-11T00:00:00,881,65698,43268,2017-05-22T00:00:00,2017-04-14T17:30:00,BUD,Budapest,Station,LHR,London Heathrow,Station,British Airways,British Airways
229,36598,True,1914,43268,66270,2017-05-11T00:00:00,1914,66270,43268,2017-05-25T00:00:00,2017-04-15T17:54:00,BUD,Budapest,Station,LTN,London Luton,Station,Wizz Air,Wizz Air
230,48140,True,885,43268,81678,2017-05-11T00:00:00,1001,65655,43268,2017-05-28T00:00:00,2017-04-15T13:03:00,BUD,Budapest,Station,LGW,London Gatwick,Station,Flybe,Norwegian
233,31536,True,1914,43268,66270,2017-05-12T00:00:00,1914,66270,43268,2017-05-12T00:00:00,2017-04-15T09:26:00,BUD,Budapest,Station,LTN,London Luton,Station,Wizz Air,Wizz Air
234,30313,True,1914,43268,66270,2017-05-12T00:00:00,1914,66270,43268,2017-05-13T00:00:00,2017-04-13T11:09:00,BUD,Budapest,Station,LTN,London Luton,Station,Wizz Air,Wizz Air
235,31780,True,1914,43268,66270,2017-05-12T00:00:00,1914,66270,43268,2017-05-14T00:00:00,2017-04-16T17:45:00,BUD,Budapest,Station,LTN,London Luton,Station,Wizz Air,Wizz Air
236,30209,True,1914,43268,66270,2017-05-12T00:00:00,1914,66270,43268,2017-05-15T00:00:00,2017-04-16T12:04:00,BUD,Budapest,Station,LTN,London Luton,Station,Wizz Air,Wizz Air
237,27068,True,1914,43268,66270,2017-05-12T00:00:00,1914,66270,43268,2017-05-16T00:00:00,2017-04-15T15:02:00,BUD,Budapest,Station,LTN,London Luton,Station,Wizz Air,Wizz Air
238,26226,True,1914,43268,66270,2017-05-12T00:00:00,1914,66270,43268,2017-05-17T00:00:00,2017-04-07T08:47:00,BUD,Budapest,Station,LTN,London Luton,Station,Wizz Air,Wizz Air
239,51408,True,1914,43268,66270,2017-05-12T00:00:00,1914,66270,43268,2017-05-18T00:00:00,2017-04-05T13:26:00,BUD,Budapest,Station,LTN,London Luton,Station,Wizz Air,Wizz Air
240,46781,False,819,43268,65698,2017-05-12T00:00:00,885,81678,43268,2017-05-18T00:00:00,2017-04-05T13:26:00,BUD,Budapest,Station,SEN,London Southend Mncpl,Station,Aegean Airlines,Flybe
241,33454,True,1914,43268,66270,2017-05-12T00:00:00,1914,66270,43268,2017-05-19T00:00:00,2017-04-12T00:45:00,BUD,Budapest,Station,LTN,London Luton,Station,Wizz Air,Wizz Air
242,31520,True,1914,43268,66270,2017-05-12T00:00:00,1914,66270,43268,2017-05-20T00:00:00,2017-04-14T19:00:00,BUD,Budapest,Station,LTN,London Luton,Station,Wizz Air,Wizz Air
243,23155,True,1914,43268,66270,2017-05-12T00:00:00,1914,66270,43268,2017-05-21T00:00:00,2017-04-04T09:32:00,BUD,Budapest,Station,LTN,London Luton,Station,Wizz Air,Wizz Air
244,57475,True,881,43268,65698,2017-05-12T00:00:00,881,65698,43268,2017-05-22T00:00:00,2017-04-15T09:50:00,BUD,Budapest,Station,LHR,London Heathrow,Station,British Airways,British Airways
245,55629,False,1710,43268,65698,2017-05-12T00:00:00,1710,65698,43268,2017-05-22T00:00:00,2017-04-15T09:50:00,BUD,Budapest,Station,LHR,London Heathrow,Station,Brussels Airlines,Brussels Airlines
246,62632,True,881,43268,65698,2017-05-12T00:00:00,881,65698,43268,2017-05-31T00:00:00,2017-04-13T12:15:00,BUD,Budapest,Station,LHR,London Heathrow,Station,British Airways,British Airways
247,55818,False,1710,43268,65698,2017-05-12T00:00:00,1710,65698,43268,2017-05-31T00:00:00,2017-04-13T12:15:00,BUD,Budapest,Station,LHR,London Heathrow,Station,Brussels Airlines,Brussels Airlines
254,33404,True,1914,43268,66270,2017-05-13T00:00:00,1914,66270,43268,2017-05-13T00:00:00,2017-04-15T19:19:00,BUD,Budapest,Station,LTN,London Luton,Station,Wizz Air,Wizz Air
255,20505,True,1914,43268,66270,2017-05-13T00:00:00,1914,66270,43268,2017-05-14T00:00:00,2017-04-12T19:06:00,BUD,Budapest,Station,LTN,London Luton,Station,Wizz Air,Wizz Air
256,28692,True,1914,43268,66270,2017-05-13T00:00:00,1914,66270,43268,2017-05-15T00:00:00,2017-04-15T15:54:00,BUD,Budapest,Station,LTN,London Luton,Station,Wizz Air,Wizz Air
257,25964,True,885,43268,81678,2017-05-13T00:00:00,885,81678,43268,2017-05-16T00:00:00,2017-04-15T14:57:00,BUD,Budapest,Station,SEN,London Southend Mncpl,Station,Flybe,Flybe
258,31833,True,1914,43268,66270,2017-05-13T00:00:00,1914,66270,43268,2017-05-17T00:00:00,2017-04-15T14:00:00,BUD,Budapest,Station,LTN,London Luton,Station,Wizz Air,Wizz Air
259,34585,True,885,43268,81678,2017-05-13T00:00:00,885,81678,43268,2017-05-18T00:00:00,2017-04-13T05:03:00,BUD,Budapest,Station,SEN,London Southend Mncpl,Station,Flybe,Flybe
260,25025,True,885,43268,81678,2017-05-13T00:00:00,885,81678,43268,2017-05-20T00:00:00,2017-04-13T14:13:00,BUD,Budapest,Station,SEN,London Southend Mncpl,Station,Flybe,Flybe
261,34974,True,1914,43268,66270,2017-05-13T00:00:00,1914,66270,43268,2017-05-21T00:00:00,2017-04-16T14:26:00,BUD,Budapest,Station,LTN,London Luton,Station,Wizz Air,Wizz Air
262,22019,True,1914,43268,66270,2017-05-13T00:00:00,1914,66270,43268,2017-05-22T00:00:00,2017-04-09T15:59:00,BUD,Budapest,Station,LTN,London Luton,Station,Wizz Air,Wizz Air
263,58883,True,881,43268,65698,2017-05-13T00:00:00,881,65698,43268,2017-05-24T00:00:00,2017-04-14T11:22:00,BUD,Budapest,Station,LHR,London Heathrow,Station,British Airways,British Airways
264,56623,False,838,43268,65698,2017-05-13T00:00:00,838,65698,43268,2017-05-24T00:00:00,2017-04-14T11:22:00,BUD,Budapest,Station,LHR,London Heathrow,Station,Air France,Air France
265,55447,False,1523,43268,65698,2017-05-13T00:00:00,1523,65698,43268,2017-05-25T00:00:00,2017-04-09T23:13:00,BUD,Budapest,Station,LHR,London Heathrow,Station,Austrian Airlines,Austrian Airlines
266,56123,True,885,43268,81678,2017-05-13T00:00:00,885,81678,43268,2017-05-25T00:00:00,2017-04-09T23:13:00,BUD,Budapest,Station,SEN,London Southend Mncpl,Station,Flybe,Flybe
267,43036,True,1914,43268,66270,2017-05-13T00:00:00,1914,66270,43268,2017-05-27T00:00:00,2017-04-12T18:06:00,BUD,Budapest,Station,LTN,London Luton,Station,Wizz Air,Wizz Air
268,29875,True,1914,43268,66270,2017-05-13T00:00:00,1914,66270,43268,2017-05-29T00:00:00,2017-04-15T14:57:00,BUD,Budapest,Station,LTN,London Luton,Station,Wizz Air,Wizz Air
274,38591,True,1914,43268,66270,2017-05-14T00:00:00,1914,66270,43268,2017-05-14T00:00:00,2017-04-15T19:21:00,BUD,Budapest,Station,LTN,London Luton,Station,Wizz Air,Wizz Air
275,76285,False,1523,43268,65698,2017-05-14T00:00:00,1384,65698,43268,2017-05-15T00:00:00,2017-04-09T16:24:00,BUD,Budapest,Station,LHR,London Heathrow,Station,Austrian Airlines,Swiss
276,43704,True,1914,43268,66270,2017-05-14T00:00:00,885,81678,43268,2017-05-16T00:00:00,2017-04-16T14:17:00,BUD,Budapest,Station,SEN,London Southend Mncpl,Station,Wizz Air,Flybe
277,36560,True,1914,43268,66270,2017-05-14T00:00:00,1914,66270,43268,2017-05-17T00:00:00,2017-04-15T11:41:00,BUD,Budapest,Station,LTN,London Luton,Station,Wizz Air,Wizz Air
278,31924,True,1914,43268,66270,2017-05-14T00:00:00,1914,66270,43268,2017-05-18T00:00:00,2017-04-10T14:20:00,BUD,Budapest,Station,LTN,London Luton,Station,Wizz Air,Wizz Air
279,50366,True,1914,43268,66270,2017-05-14T00:00:00,1914,66270,43268,2017-05-19T00:00:00,2017-04-14T21:10:00,BUD,Budapest,Station,LTN,London Luton,Station,Wizz Air,Wizz Air
280,51747,True,1914,43268,66270,2017-05-14T00:00:00,1914,66270,43268,2017-05-20T00:00:00,2017-04-16T10:38:00,BUD,Budapest,Station,LTN,London Luton,Station,Wizz Air,Wizz Air
281,40161,True,1914,43268,66270,2017-05-14T00:00:00,1914,66270,43268,2017-05-21T00:00:00,2017-04-14T15:25:00,BUD,Budapest,Station,LTN,London Luton,Station,Wizz Air,Wizz Air
282,86166,True,881,43268,65698,2017-05-14T00:00:00,881,65698,43268,2017-05-22T00:00:00,2017-04-10T11:49:00,BUD,Budapest,Station,LHR,London Heathrow,Station,British Airways,British Airways
283,62455,False,1523,43268,65698,2017-05-14T00:00:00,1523,65698,43268,2017-05-22T00:00:00,2017-04-10T11:50:00,BUD,Budapest,Station,LHR,London Heathrow,Station,Austrian Airlines,Austrian Airlines
289,40149,True,1914,43268,66270,2017-05-15T00:00:00,1914,66270,43268,2017-05-15T00:00:00,2017-04-16T06:55:00,BUD,Budapest,Station,LTN,London Luton,Station,Wizz Air,Wizz Air
290,29355,True,1914,43268,66270,2017-05-15T00:00:00,1914,66270,43268,2017-05-16T00:00:00,2017-04-11T08:24:00,BUD,Budapest,Station,LTN,London Luton,Station,Wizz Air,Wizz Air
291,27610,True,1914,43268,66270,2017-05-15T00:00:00,1914,66270,43268,2017-05-17T00:00:00,2017-04-13T10:08:00,BUD,Budapest,Station,LTN,London Luton,Station,Wizz Air,Wizz Air
292,43290,True,1914,43268,66270,2017-05-15T00:00:00,1914,66270,43268,2017-05-18T00:00:00,2017-04-15T18:28:00,BUD,Budapest,Station,LTN,London Luton,Station,Wizz Air,Wizz Air
293,42625,False,1375,43268,65698,2017-05-15T00:00:00,885,81678,43268,2017-05-18T00:00:00,2017-04-14T20:18:00,BUD,Budapest,Station,SEN,London Southend Mncpl,Station,LOT,Flybe
294,51145,True,1914,43268,66270,2017-05-15T00:00:00,1914,66270,43268,2017-05-19T00:00:00,2017-04-16T19:37:00,BUD,Budapest,Station,LTN,London Luton,Station,Wizz Air,Wizz Air
295,58472,False,1523,43268,65698,2017-05-15T00:00:00,1523,65698,43268,2017-05-20T00:00:00,2017-04-05T15:38:00,BUD,Budapest,Station,LHR,London Heathrow,Station,Austrian Airlines,Austrian Airlines
296,54112,True,881,43268,65698,2017-05-15T00:00:00,881,65698,43268,2017-05-21T00:00:00,2017-04-16T12:57:00,BUD,Budapest,Station,LHR,London Heathrow,Station,British Airways,British Airways
297,38578,True,1914,43268,66270,2017-05-15T00:00:00,1914,66270,43268,2017-05-22T00:00:00,2017-04-15T18:46:00,BUD,Budapest,Station,LTN,London Luton,Station,Wizz Air,Wizz Air
298,38578,True,1914,43268,66270,2017-05-15T00:00:00,1914,66270,43268,2017-05-23T00:00:00,2017-04-14T22:19:00,BUD,Budapest,Station,LTN,London Luton,Station,Wizz Air,Wizz Air
299,26715,True,1914,43268,66270,2017-05-15T00:00:00,1914,66270,43268,2017-05-24T00:00:00,2017-04-03T09:51:00,BUD,Budapest,Station,LTN,London Luton,Station,Wizz Air,Wizz Air
300,73232,True,881,43268,65698,2017-05-15T00:00:00,881,65698,43268,2017-05-31T00:00:00,2017-04-11T20:01:00,BUD,Budapest,Station,LHR,London Heathrow,Station,British Airways,British Airways
301,64655,False,1375,43268,65698,2017-05-15T00:00:00,1001,65655,43268,2017-05-31T00:00:00,2017-04-11T20:01:00,BUD,Budapest,Station,LGW,London Gatwick,Station,LOT,Norwegian
308,28692,True,1914,43268,66270,2017-05-16T00:00:00,1914,66270,43268,2017-05-16T00:00:00,2017-04-16T00:32:00,BUD,Budapest,Station,LTN,London Luton,Station,Wizz Air,Wizz Air
309,23461,True,1914,43268,66270,2017-05-16T00:00:00,1914,66270,43268,2017-05-17T00:00:00,2017-04-14T08:32:00,BUD,Budapest,Station,LTN,London Luton,Station,Wizz Air,Wizz Air
310,30366,True,1914,43268,66270,2017-05-16T00:00:00,1914,66270,43268,2017-05-18T00:00:00,2017-04-13T05:39:00,BUD,Budapest,Station,LTN,London Luton,Station,Wizz Air,Wizz Air
311,45175,True,1914,43268,66270,2017-05-16T00:00:00,1914,66270,43268,2017-05-19T00:00:00,2017-04-14T13:26:00,BUD,Budapest,Station,LTN,London Luton,Station,Wizz Air,Wizz Air
312,29718,True,885,43268,81678,2017-05-16T00:00:00,885,81678,43268,2017-05-20T00:00:00,2017-04-14T10:35:00,BUD,Budapest,Station,SEN,London Southend Mncpl,Station,Flybe,Flybe
313,48352,True,881,43268,65698,2017-05-16T00:00:00,881,65698,43268,2017-05-21T00:00:00,2017-04-10T22:26:00,BUD,Budapest,Station,LHR,London Heathrow,Station,British Airways,British Airways
314,24900,True,1914,43268,66270,2017-05-16T00:00:00,1914,66270,43268,2017-05-22T00:00:00,2017-04-14T22:19:00,BUD,Budapest,Station,LTN,London Luton,Station,Wizz Air,Wizz Air
315,30263,True,1914,43268,66270,2017-05-16T00:00:00,1914,66270,43268,2017-05-23T00:00:00,2017-04-16T17:54:00,BUD,Budapest,Station,LTN,London Luton,Station,Wizz Air,Wizz Air
316,38221,True,885,43268,81678,2017-05-16T00:00:00,885,81678,43268,2017-05-25T00:00:00,2017-04-05T15:46:00,BUD,Budapest,Station,SEN,London Southend Mncpl,Station,Flybe,Flybe
317,34356,True,1914,43268,66270,2017-05-16T00:00:00,1914,66270,43268,2017-05-27T00:00:00,2017-04-03T11:52:00,BUD,Budapest,Station,LTN,London Luton,Station,Wizz Air,Wizz Air
318,53237,True,881,43268,65698,2017-05-16T00:00:00,881,65698,43268,2017-05-29T00:00:00,2017-04-05T13:37:00,BUD,Budapest,Station,LHR,London Heathrow,Station,British Airways,British Airways
319,53080,True,881,43268,65698,2017-05-16T00:00:00,881,65698,43268,2017-05-31T00:00:00,2017-04-10T18:40:00,BUD,Budapest,Station,LHR,London Heathrow,Station,British Airways,British Airways
324,17561,True,1914,43268,66270,2017-05-17T00:00:00,1914,66270,43268,2017-05-17T00:00:00,2017-04-14T18:10:00,BUD,Budapest,Station,LTN,London Luton,Station,Wizz Air,Wizz Air
325,26296,True,1914,43268,66270,2017-05-17T00:00:00,1914,66270,43268,2017-05-18T00:00:00,2017-04-13T19:24:00,BUD,Budapest,Station,LTN,London Luton,Station,Wizz Air,Wizz Air
326,24878,True,1914,43268,66270,2017-05-17T00:00:00,1914,66270,43268,2017-05-19T00:00:00,2017-04-12T10:59:00,BUD,Budapest,Station,LTN,London Luton,Station,Wizz Air,Wizz Air
327,27515,True,1914,43268,66270,2017-05-17T00:00:00,1914,66270,43268,2017-05-20T00:00:00,2017-04-03T20:12:00,BUD,Budapest,Station,LTN,London Luton,Station,Wizz Air,Wizz Air
328,30416,True,1914,43268,66270,2017-05-17T00:00:00,1914,66270,43268,2017-05-21T00:00:00,2017-04-15T17:08:00,BUD,Budapest,Station,LTN,London Luton,Station,Wizz Air,Wizz Air
329,27275,True,1914,43268,66270,2017-05-17T00:00:00,1914,66270,43268,2017-05-22T00:00:00,2017-04-14T22:20:00,BUD,Budapest,Station,LTN,London Luton,Station,Wizz Air,Wizz Air
330,25704,True,1914,43268,66270,2017-05-17T00:00:00,1914,66270,43268,2017-05-23T00:00:00,2017-04-15T11:12:00,BUD,Budapest,Station,LTN,London Luton,Station,Wizz Air,Wizz Air
331,20830,True,1914,43268,66270,2017-05-17T00:00:00,1914,66270,43268,2017-05-24T00:00:00,2017-04-08T18:20:00,BUD,Budapest,Station,LTN,London Luton,Station,Wizz Air,Wizz Air
332,31007,True,1914,43268,66270,2017-05-17T00:00:00,1914,66270,43268,2017-05-25T00:00:00,2017-04-03T19:14:00,BUD,Budapest,Station,LTN,London Luton,Station,Wizz Air,Wizz Air
333,37292,True,1914,43268,66270,2017-05-17T00:00:00,1914,66270,43268,2017-05-27T00:00:00,2017-04-07T16:12:00,BUD,Budapest,Station,LTN,London Luton,Station,Wizz Air,Wizz Air
334,24725,True,1914,43268,66270,2017-05-17T00:00:00,1914,66270,43268,2017-05-28T00:00:00,2017-04-03T11:53:00,BUD,Budapest,Station,LTN,London Luton,Station,Wizz Air,Wizz Air
335,23155,True,1914,43268,66270,2017-05-17T00:00:00,1914,66270,43268,2017-05-29T00:00:00,2017-04-03T11:56:00,BUD,Budapest,Station,LTN,London Luton,Station,Wizz Air,Wizz Air
336,20605,True,1914,43268,66270,2017-05-17T00:00:00,1914,66270,43268,2017-05-31T00:00:00,2017-04-02T11:12:00,BUD,Budapest,Station,LTN,London Luton,Station,Wizz Air,Wizz Air
344,28617,True,1914,43268,66270,2017-05-18T00:00:00,1914,66270,43268,2017-05-18T00:00:00,2017-04-14T18:10:00,BUD,Budapest,Station,LTN,London Luton,Station,Wizz Air,Wizz Air
345,23158,True,1914,43268,66270,2017-05-18T00:00:00,1914,66270,43268,2017-05-19T00:00:00,2017-04-10T07:42:00,BUD,Budapest,Station,LTN,London Luton,Station,Wizz Air,Wizz Air
346,30188,True,1914,43268,66270,2017-05-18T00:00:00,1914,66270,43268,2017-05-20T00:00:00,2017-04-16T01:43:00,BUD,Budapest,Station,LTN,London Luton,Station,Wizz Air,Wizz Air
347,28617,True,1914,43268,66270,2017-05-18T00:00:00,1914,66270,43268,2017-05-21T00:00:00,2017-04-16T21:25:00,BUD,Budapest,Station,LTN,London Luton,Station,Wizz Air,Wizz Air
348,23905,True,1914,43268,66270,2017-05-18T00:00:00,1914,66270,43268,2017-05-22T00:00:00,2017-04-16T13:53:00,BUD,Budapest,Station,LTN,London Luton,Station,Wizz Air,Wizz Air
349,23905,True,1914,43268,66270,2017-05-18T00:00:00,1914,66270,43268,2017-05-23T00:00:00,2017-04-15T16:32:00,BUD,Budapest,Station,LTN,London Luton,Station,Wizz Air,Wizz Air
350,19863,True,1914,43268,66270,2017-05-18T00:00:00,1914,66270,43268,2017-05-24T00:00:00,2017-04-10T10:26:00,BUD,Budapest,Station,LTN,London Luton,Station,Wizz Air,Wizz Air
351,33332,True,1914,43268,66270,2017-05-18T00:00:00,1914,66270,43268,2017-05-25T00:00:00,2017-04-15T17:56:00,BUD,Budapest,Station,LTN,London Luton,Station,Wizz Air,Wizz Air
352,42758,True,1914,43268,66270,2017-05-18T00:00:00,1914,66270,43268,2017-05-26T00:00:00,2017-04-04T09:59:00,BUD,Budapest,Station,LTN,London Luton,Station,Wizz Air,Wizz Air
353,45899,True,1914,43268,66270,2017-05-18T00:00:00,1914,66270,43268,2017-05-27T00:00:00,2017-04-16T11:56:00,BUD,Budapest,Station,LTN,London Luton,Station,Wizz Air,Wizz Air
354,22335,True,1914,43268,66270,2017-05-18T00:00:00,1914,66270,43268,2017-05-28T00:00:00,2017-04-04T09:59:00,BUD,Budapest,Station,LTN,London Luton,Station,Wizz Air,Wizz Air
355,22335,True,1914,43268,66270,2017-05-18T00:00:00,1914,66270,43268,2017-05-29T00:00:00,2017-04-03T11:58:00,BUD,Budapest,Station,LTN,London Luton,Station,Wizz Air,Wizz Air
356,22335,True,1914,43268,66270,2017-05-18T00:00:00,1914,66270,43268,2017-05-31T00:00:00,2017-04-09T18:27:00,BUD,Budapest,Station,LTN,London Luton,Station,Wizz Air,Wizz Air
362,35196,True,1914,43268,66270,2017-05-19T00:00:00,1914,66270,43268,2017-05-19T00:00:00,2017-04-14T21:12:00,BUD,Budapest,Station,LTN,London Luton,Station,Wizz Air,Wizz Air
363,26817,True,1914,43268,66270,2017-05-19T00:00:00,1914,66270,43268,2017-05-20T00:00:00,2017-04-03T17:06:00,BUD,Budapest,Station,LTN,London Luton,Station,Wizz Air,Wizz Air
364,31883,True,1914,43268,66270,2017-05-19T00:00:00,1914,66270,43268,2017-05-21T00:00:00,2017-04-16T05:08:00,BUD,Budapest,Station,LTN,London Luton,Station,Wizz Air,Wizz Air
365,27172,True,1914,43268,66270,2017-05-19T00:00:00,1914,66270,43268,2017-05-22T00:00:00,2017-04-16T18:18:00,BUD,Budapest,Station,LTN,London Luton,Station,Wizz Air,Wizz Air
366,27172,True,1914,43268,66270,2017-05-19T00:00:00,1914,66270,43268,2017-05-23T00:00:00,2017-04-16T19:26:00,BUD,Budapest,Station,LTN,London Luton,Station,Wizz Air,Wizz Air
367,23155,True,1914,43268,66270,2017-05-19T00:00:00,1914,66270,43268,2017-05-24T00:00:00,2017-04-05T03:28:00,BUD,Budapest,Station,LTN,London Luton,Station,Wizz Air,Wizz Air
368,64983,False,819,43268,65698,2017-05-19T00:00:00,885,81678,43268,2017-05-25T00:00:00,2017-04-12T20:48:00,BUD,Budapest,Station,SEN,London Southend Mncpl,Station,Aegean Airlines,Flybe
369,74190,True,881,43268,65698,2017-05-19T00:00:00,885,81678,43268,2017-05-25T00:00:00,2017-04-12T20:48:00,BUD,Budapest,Station,SEN,London Southend Mncpl,Station,British Airways,Flybe
370,112340,True,881,43268,65698,2017-05-19T00:00:00,881,65698,43268,2017-05-26T00:00:00,2017-04-13T03:59:00,BUD,Budapest,Station,LHR,London Heathrow,Station,British Airways,British Airways
372,49165,True,1914,43268,66270,2017-05-19T00:00:00,1914,66270,43268,2017-05-27T00:00:00,2017-04-16T06:01:00,BUD,Budapest,Station,LTN,London Luton,Station,Wizz Air,Wizz Air
373,19870,True,1914,43268,66270,2017-05-19T00:00:00,1914,66270,43268,2017-05-28T00:00:00,2017-04-11T07:24:00,BUD,Budapest,Station,LTN,London Luton,Station,Wizz Air,Wizz Air
374,23155,True,1914,43268,66270,2017-05-19T00:00:00,1914,66270,43268,2017-05-29T00:00:00,2017-04-06T07:12:00,BUD,Budapest,Station,LTN,London Luton,Station,Wizz Air,Wizz Air
375,26296,True,1914,43268,66270,2017-05-19T00:00:00,1914,66270,43268,2017-05-30T00:00:00,2017-04-10T22:45:00,BUD,Budapest,Station,LTN,London Luton,Station,Wizz Air,Wizz Air
380,34921,True,1914,43268,66270,2017-05-20T00:00:00,1914,66270,43268,2017-05-20T00:00:00,2017-04-15T19:19:00,BUD,Budapest,Station,LTN,London Luton,Station,Wizz Air,Wizz Air
381,34818,True,1914,43268,66270,2017-05-20T00:00:00,1914,66270,43268,2017-05-21T00:00:00,2017-04-14T20:03:00,BUD,Budapest,Station,LTN,London Luton,Station,Wizz Air,Wizz Air
382,23392,True,1914,43268,66270,2017-05-20T00:00:00,1914,66270,43268,2017-05-22T00:00:00,2017-04-15T14:21:00,BUD,Budapest,Station,LTN,London Luton,Station,Wizz Air,Wizz Air
383,25955,True,885,43268,81678,2017-05-20T00:00:00,885,81678,43268,2017-05-23T00:00:00,2017-04-16T17:21:00,BUD,Budapest,Station,SEN,London Southend Mncpl,Station,Flybe,Flybe
384,28845,True,1914,43268,66270,2017-05-20T00:00:00,1914,66270,43268,2017-05-24T00:00:00,2017-04-12T23:36:00,BUD,Budapest,Station,LTN,London Luton,Station,Wizz Air,Wizz Air
385,33560,True,1914,43268,66270,2017-05-20T00:00:00,1914,66270,43268,2017-05-25T00:00:00,2017-04-12T11:29:00,BUD,Budapest,Station,LTN,London Luton,Station,Wizz Air,Wizz Air
386,46922,True,885,43268,81678,2017-05-20T00:00:00,885,81678,43268,2017-05-27T00:00:00,2017-04-13T13:47:00,BUD,Budapest,Station,SEN,London Southend Mncpl,Station,Flybe,Flybe
387,21866,True,1914,43268,66270,2017-05-20T00:00:00,1914,66270,43268,2017-05-28T00:00:00,2017-04-10T13:00:00,BUD,Budapest,Station,LTN,London Luton,Station,Wizz Air,Wizz Air
388,24134,True,1914,43268,66270,2017-05-20T00:00:00,1914,66270,43268,2017-05-29T00:00:00,2017-04-03T11:58:00,BUD,Budapest,Station,LTN,London Luton,Station,Wizz Air,Wizz Air
394,37752,True,1914,43268,66270,2017-05-21T00:00:00,1914,66270,43268,2017-05-21T00:00:00,2017-04-15T19:21:00,BUD,Budapest,Station,LTN,London Luton,Station,Wizz Air,Wizz Air
395,29396,True,1914,43268,66270,2017-05-21T00:00:00,1914,66270,43268,2017-05-22T00:00:00,2017-04-15T14:23:00,BUD,Budapest,Station,LTN,London Luton,Station,Wizz Air,Wizz Air
396,24797,True,1914,43268,66270,2017-05-21T00:00:00,1914,66270,43268,2017-05-23T00:00:00,2017-04-05T13:01:00,BUD,Budapest,Station,LTN,London Luton,Station,Wizz Air,Wizz Air
397,38625,True,1914,43268,66270,2017-05-21T00:00:00,1914,66270,43268,2017-05-24T00:00:00,2017-04-09T16:15:00,BUD,Budapest,Station,LTN,London Luton,Station,Wizz Air,Wizz Air
398,47154,True,1914,43268,66270,2017-05-21T00:00:00,1914,66270,43268,2017-05-25T00:00:00,2017-04-12T15:00:00,BUD,Budapest,Station,LTN,London Luton,Station,Wizz Air,Wizz Air
399,65508,True,1914,43268,66270,2017-05-21T00:00:00,1914,66270,43268,2017-05-26T00:00:00,2017-04-14T23:47:00,BUD,Budapest,Station,LTN,London Luton,Station,Wizz Air,Wizz Air
400,31883,True,1914,43268,66270,2017-05-21T00:00:00,1914,66270,43268,2017-05-27T00:00:00,2017-04-03T19:18:00,BUD,Budapest,Station,LTN,London Luton,Station,Wizz Air,Wizz Air
401,29449,True,1914,43268,66270,2017-05-21T00:00:00,1914,66270,43268,2017-05-28T00:00:00,2017-04-13T16:47:00,BUD,Budapest,Station,LTN,London Luton,Station,Wizz Air,Wizz Air
402,46348,True,1914,43268,66270,2017-05-21T00:00:00,1914,66270,43268,2017-05-29T00:00:00,2017-04-13T16:49:00,BUD,Budapest,Station,LTN,London Luton,Station,Wizz Air,Wizz Air
403,36079,True,1914,43268,66270,2017-05-21T00:00:00,1914,66270,43268,2017-05-31T00:00:00,2017-04-13T12:41:00,BUD,Budapest,Station,LTN,London Luton,Station,Wizz Air,Wizz Air
407,85686,True,881,43268,65698,2017-05-22T00:00:00,881,65698,43268,2017-05-22T00:00:00,2017-04-11T21:57:00,BUD,Budapest,Station,LHR,London Heathrow,Station,British Airways,British Airways
408,46299,True,1914,43268,66270,2017-05-22T00:00:00,1914,66270,43268,2017-05-23T00:00:00,2017-04-06T11:02:00,BUD,Budapest,Station,LTN,London Luton,Station,Wizz Air,Wizz Air
409,80275,True,881,43268,65698,2017-05-22T00:00:00,881,65698,43268,2017-05-24T00:00:00,2017-04-13T06:21:00,BUD,Budapest,Station,LHR,London Heathrow,Station,British Airways,British Airways
410,57792,False,1523,43268,65698,2017-05-22T00:00:00,1523,65698,43268,2017-05-24T00:00:00,2017-04-13T06:21:00,BUD,Budapest,Station,LHR,London Heathrow,Station,Austrian Airlines,Austrian Airlines
411,34974,True,1914,43268,66270,2017-05-22T00:00:00,1914,66270,43268,2017-05-25T00:00:00,2017-04-03T11:17:00,BUD,Budapest,Station,LTN,London Luton,Station,Wizz Air,Wizz Air
412,59452,True,1914,43268,66270,2017-05-22T00:00:00,1914,66270,43268,2017-05-26T00:00:00,2017-04-13T19:20:00,BUD,Budapest,Station,LTN,London Luton,Station,Wizz Air,Wizz Air
413,49571,True,1914,43268,66270,2017-05-22T00:00:00,1914,66270,43268,2017-05-27T00:00:00,2017-04-09T10:44:00,BUD,Budapest,Station,LTN,London Luton,Station,Wizz Air,Wizz Air
414,42520,True,1914,43268,66270,2017-05-22T00:00:00,1914,66270,43268,2017-05-28T00:00:00,2017-04-13T16:57:00,BUD,Budapest,Station,LTN,London Luton,Station,Wizz Air,Wizz Air
415,37805,True,1914,43268,66270,2017-05-22T00:00:00,1914,66270,43268,2017-05-29T00:00:00,2017-04-13T16:49:00,BUD,Budapest,Station,LTN,London Luton,Station,Wizz Air,Wizz Air
416,27118,True,1914,43268,66270,2017-05-22T00:00:00,1914,66270,43268,2017-05-30T00:00:00,2017-04-07T09:49:00,BUD,Budapest,Station,LTN,London Luton,Station,Wizz Air,Wizz Air
417,23070,True,1914,43268,66270,2017-05-22T00:00:00,1914,66270,43268,2017-05-31T00:00:00,2017-04-10T21:28:00,BUD,Budapest,Station,LTN,London Luton,Station,Wizz Air,Wizz Air
425,27134,True,1914,43268,66270,2017-05-23T00:00:00,1914,66270,43268,2017-05-23T00:00:00,2017-04-14T18:14:00,BUD,Budapest,Station,LTN,London Luton,Station,Wizz Air,Wizz Air
426,27237,True,1914,43268,66270,2017-05-23T00:00:00,1914,66270,43268,2017-05-24T00:00:00,2017-04-15T06:02:00,BUD,Budapest,Station,LTN,London Luton,Station,Wizz Air,Wizz Air
427,27406,True,1914,43268,66270,2017-05-23T00:00:00,1914,66270,43268,2017-05-25T00:00:00,2017-04-08T00:47:00,BUD,Budapest,Station,LTN,London Luton,Station,Wizz Air,Wizz Air
428,58135,True,1914,43268,66270,2017-05-23T00:00:00,1914,66270,43268,2017-05-26T00:00:00,2017-04-15T06:01:00,BUD,Budapest,Station,LTN,London Luton,Station,Wizz Air,Wizz Air
429,47660,True,1914,43268,66270,2017-05-23T00:00:00,1914,66270,43268,2017-05-27T00:00:00,2017-04-15T10:43:00,BUD,Budapest,Station,LTN,London Luton,Station,Wizz Air,Wizz Air
430,21753,True,1914,43268,66270,2017-05-23T00:00:00,1914,66270,43268,2017-05-28T00:00:00,2017-04-03T18:40:00,BUD,Budapest,Station,LTN,London Luton,Station,Wizz Air,Wizz Air
431,28808,True,1914,43268,66270,2017-05-23T00:00:00,1914,66270,43268,2017-05-29T00:00:00,2017-04-16T11:46:00,BUD,Budapest,Station,LTN,London Luton,Station,Wizz Air,Wizz Air
432,21162,True,1914,43268,66270,2017-05-23T00:00:00,1914,66270,43268,2017-05-30T00:00:00,2017-04-05T15:41:00,BUD,Budapest,Station,LTN,London Luton,Station,Wizz Air,Wizz Air
433,31659,True,885,43268,81678,2017-05-23T00:00:00,1914,66270,43268,2017-05-31T00:00:00,2017-04-07T16:30:00,BUD,Budapest,Station,LTN,London Luton,Station,Flybe,Wizz Air
439,25476,True,1914,43268,66270,2017-05-24T00:00:00,1914,66270,43268,2017-05-24T00:00:00,2017-04-16T10:23:00,BUD,Budapest,Station,LTN,London Luton,Station,Wizz Air,Wizz Air
440,33332,True,1914,43268,66270,2017-05-24T00:00:00,1914,66270,43268,2017-05-25T00:00:00,2017-04-14T10:14:00,BUD,Budapest,Station,LTN,London Luton,Station,Wizz Air,Wizz Air
441,36288,True,1914,43268,66270,2017-05-24T00:00:00,1914,66270,43268,2017-05-26T00:00:00,2017-04-07T13:13:00,BUD,Budapest,Station,LTN,London Luton,Station,Wizz Air,Wizz Air
442,67903,True,881,43268,65698,2017-05-24T00:00:00,881,65698,43268,2017-05-27T00:00:00,2017-04-10T09:41:00,BUD,Budapest,Station,LHR,London Heathrow,Station,British Airways,British Airways
443,43324,True,1914,43268,66270,2017-05-24T00:00:00,1001,65655,43268,2017-05-28T00:00:00,2017-04-14T21:49:00,BUD,Budapest,Station,LGW,London Gatwick,Station,Wizz Air,Norwegian
444,28617,True,1914,43268,66270,2017-05-24T00:00:00,1914,66270,43268,2017-05-29T00:00:00,2017-04-16T19:09:00,BUD,Budapest,Station,LTN,London Luton,Station,Wizz Air,Wizz Air
445,27047,True,1914,43268,66270,2017-05-24T00:00:00,1914,66270,43268,2017-05-30T00:00:00,2017-04-13T12:45:00,BUD,Budapest,Station,LTN,London Luton,Station,Wizz Air,Wizz Air
446,27047,True,1914,43268,66270,2017-05-24T00:00:00,1914,66270,43268,2017-05-31T00:00:00,2017-04-15T07:44:00,BUD,Budapest,Station,LTN,London Luton,Station,Wizz Air,Wizz Air
450,31761,True,1914,43268,66270,2017-05-25T00:00:00,1914,66270,43268,2017-05-25T00:00:00,2017-04-12T16:00:00,BUD,Budapest,Station,LTN,London Luton,Station,Wizz Air,Wizz Air
451,42758,True,1914,43268,66270,2017-05-25T00:00:00,1914,66270,43268,2017-05-26T00:00:00,2017-04-05T17:33:00,BUD,Budapest,Station,LTN,London Luton,Station,Wizz Air,Wizz Air
452,39614,True,1914,43268,66270,2017-05-25T00:00:00,1914,66270,43268,2017-05-27T00:00:00,2017-04-12T14:48:00,BUD,Budapest,Station,LTN,London Luton,Station,Wizz Air,Wizz Air
453,33332,True,1914,43268,66270,2017-05-25T00:00:00,1914,66270,43268,2017-05-28T00:00:00,2017-04-15T17:11:00,BUD,Budapest,Station,LTN,London Luton,Station,Wizz Air,Wizz Air
454,28617,True,1914,43268,66270,2017-05-25T00:00:00,1914,66270,43268,2017-05-29T00:00:00,2017-04-15T14:56:00,BUD,Budapest,Station,LTN,London Luton,Station,Wizz Air,Wizz Air
455,25476,True,1914,43268,66270,2017-05-25T00:00:00,1914,66270,43268,2017-05-30T00:00:00,2017-04-15T13:48:00,BUD,Budapest,Station,LTN,London Luton,Station,Wizz Air,Wizz Air
456,27047,True,1914,43268,66270,2017-05-25T00:00:00,1914,66270,43268,2017-05-31T00:00:00,2017-04-15T08:53:00,BUD,Budapest,Station,LTN,London Luton,Station,Wizz Air,Wizz Air
460,56217,True,1914,43268,66270,2017-05-26T00:00:00,1914,66270,43268,2017-05-26T00:00:00,2017-04-14T18:07:00,BUD,Budapest,Station,LTN,London Luton,Station,Wizz Air,Wizz Air
461,39457,True,1914,43268,66270,2017-05-26T00:00:00,1914,66270,43268,2017-05-27T00:00:00,2017-04-12T14:42:00,BUD,Budapest,Station,LTN,London Luton,Station,Wizz Air,Wizz Air
462,33175,True,1914,43268,66270,2017-05-26T00:00:00,1914,66270,43268,2017-05-28T00:00:00,2017-04-16T08:51:00,BUD,Budapest,Station,LTN,London Luton,Station,Wizz Air,Wizz Air
463,28461,True,1914,43268,66270,2017-05-26T00:00:00,1914,66270,43268,2017-05-29T00:00:00,2017-04-16T17:58:00,BUD,Budapest,Station,LTN,London Luton,Station,Wizz Air,Wizz Air
464,25320,True,1914,43268,66270,2017-05-26T00:00:00,1914,66270,43268,2017-05-30T00:00:00,2017-04-11T05:37:00,BUD,Budapest,Station,LTN,London Luton,Station,Wizz Air,Wizz Air
465,26890,True,1914,43268,66270,2017-05-26T00:00:00,1914,66270,43268,2017-05-31T00:00:00,2017-04-13T16:43:00,BUD,Budapest,Station,LTN,London Luton,Station,Wizz Air,Wizz Air
471,45899,True,1914,43268,66270,2017-05-27T00:00:00,1914,66270,43268,2017-05-27T00:00:00,2017-04-15T19:20:00,BUD,Budapest,Station,LTN,London Luton,Station,Wizz Air,Wizz Air
472,33332,True,1914,43268,66270,2017-05-27T00:00:00,1914,66270,43268,2017-05-28T00:00:00,2017-04-16T16:10:00,BUD,Budapest,Station,LTN,London Luton,Station,Wizz Air,Wizz Air
473,27047,True,1914,43268,66270,2017-05-27T00:00:00,1914,66270,43268,2017-05-29T00:00:00,2017-04-12T16:43:00,BUD,Budapest,Station,LTN,London Luton,Station,Wizz Air,Wizz Air
474,25476,True,1914,43268,66270,2017-05-27T00:00:00,1914,66270,43268,2017-05-30T00:00:00,2017-04-11T20:36:00,BUD,Budapest,Station,LTN,London Luton,Station,Wizz Air,Wizz Air
475,27047,True,1914,43268,66270,2017-05-27T00:00:00,1914,66270,43268,2017-05-31T00:00:00,2017-04-15T06:35:00,BUD,Budapest,Station,LTN,London Luton,Station,Wizz Air,Wizz Air
480,36182,True,1914,43268,66270,2017-05-28T00:00:00,1914,66270,43268,2017-05-29T00:00:00,2017-04-12T16:44:00,BUD,Budapest,Station,LTN,London Luton,Station,Wizz Air,Wizz Air
481,28536,True,1914,43268,66270,2017-05-28T00:00:00,1914,66270,43268,2017-05-30T00:00:00,2017-04-06T06:16:00,BUD,Budapest,Station,LTN,London Luton,Station,Wizz Air,Wizz Air
482,25495,True,1914,43268,66270,2017-05-28T00:00:00,1914,66270,43268,2017-05-31T00:00:00,2017-04-05T12:39:00,BUD,Budapest,Station,LTN,London Luton,Station,Wizz Air,Wizz Air
486,54387,True,1914,43268,66270,2017-05-29T00:00:00,1914,66270,43268,2017-05-29T00:00:00,2017-04-14T11:55:00,BUD,Budapest,Station,LTN,London Luton,Station,Wizz Air,Wizz Air
487,30003,True,1914,43268,66270,2017-05-29T00:00:00,1914,66270,43268,2017-05-30T00:00:00,2017-04-05T17:30:00,BUD,Budapest,Station,LTN,London Luton,Station,Wizz Air,Wizz Air
488,47225,True,1914,43268,66270,2017-05-29T00:00:00,1914,66270,43268,2017-05-31T00:00:00,2017-04-11T19:08:00,BUD,Budapest,Station,LTN,London Luton,Station,Wizz Air,Wizz Air
495,42927,True,1914,43268,66270,2017-05-30T00:00:00,1914,66270,43268,2017-05-30T00:00:00,2017-04-16T15:38:00,BUD,Budapest,Station,LTN,London Luton,Station,Wizz Air,Wizz Air
496,42927,True,1914,43268,66270,2017-05-30T00:00:00,1914,66270,43268,2017-05-31T00:00:00,2017-04-16T11:14:00,BUD,Budapest,Station,LTN,London Luton,Station,Wizz Air,Wizz Air
501,41813,True,1914,43268,66270,2017-05-31T00:00:00,1914,66270,43268,2017-05-31T00:00:00,2017-04-16T15:38:00,BUD,Budapest,Station,LTN,London Luton,Station,Wizz Air,Wizz Air
