QuoteId,MinPrice,Currency,Direct,OutboundLegCarrierIds,OutboundLegOriginId,OutboundLegDestinationId,OutboundLegDepartureDate,InboundLegCarrierIds,InboundLegOriginId,InboundLegDestinationId,InboundLegDepartureDate,QuoteDateTime,OutboundPlaceIataCode,OutboundPlaceName,OutboundPlaceType,InboundPlaceIataCode,InboundPlaceName,InboundPlaceType,OutboundCarrierName,InboundCarrierName
4,51618,HUF,True,1914,43268,66270,2017-05-01T00:00:00,1914,66270,43268,2017-05-01T00:00:00,2017-04-14T19:21:00,BUD,Budapest,Station,LTN,London Luton,Station,Wizz Air,Wizz Air
5,34818,HUF,True,1914,43268,66270,2017-05-01T00:00:00,1914,66270,43268,2017-05-02T00:00:00,2017-04-13T18:26:00,BUD,Budapest,Station,LTN,London Luton,Station,Wizz Air,Wizz Air
6,95850,HUF,True,881,43268,65698,2017-05-01T00:00:00,881,65698,43268,2017-05-03T00:00:00,2017-04-16T07:50:00,BUD,Budapest,Station,LHR,London Heathrow,Station,British Airways,British Airways
7,67715,HUF,False,1384,43268,65465,2017-05-01T00:00:00,1368,65698,43268,2017-05-03T00:00:00,2017-04-16T07:50:00,BUD,Budapest,Station,LHR,London Heathrow,Station,Swiss,Lufthansa
8,50160,HUF,True,1914,43268,66270,2017-05-01T00:00:00,1914,66270,43268,2017-05-04T00:00:00,2017-04-13T18:26:00,BUD,Budapest,Station,LTN,London Luton,Station,Wizz Air,Wizz Air
9,34611,HUF,True,1914,43268,66270,2017-05-01T00:00:00,1914,66270,43268,2017-05-05T00:00:00,2017-04-02T12:23:00,BUD,Budapest,Station,LTN,London Luton,Station,Wizz Air,Wizz Air
10,95389,HUF,True,881,43268,65698,2017-05-01T00:00:00,881,65698,43268,2017-05-06T00:00:00,2017-04-09T17:29:00,BUD,Budapest,Station,LHR,London Heathrow,Station,British Airways,British Airways
11,74143,HUF,False,1384,43268,65465,2017-05-01T00:00:00,1368,65698,43268,2017-05-06T00:00:00,2017-04-15T18:48:00,BUD,Budapest,Station,LHR,London Heathrow,Station,Swiss,Lufthansa
12,48589,HUF,True,1914,43268,66270,2017-05-01T00:00:00,1914,66270,43268,2017-05-07T00:00:00,2017-04-12T22:12:00,BUD,Budapest,Station,LTN,London Luton,Station,Wizz Air,Wizz Air
13,29897,HUF,True,1914,43268,66270,2017-05-01T00:00:00,1914,66270,43268,2017-05-08T00:00:00,2017-04-03T20:21:00,BUD,Budapest,Station,LTN,London Luton,Station,Wizz Air,Wizz Air
14,33432,HUF,True,1914,43268,66270,2017-05-01T00:00:00,1914,66270,43268,2017-05-09T00:00:00,2017-04-13T06:11:00,BUD,Budapest,Station,LTN,London Luton,Station,Wizz Air,Wizz Air
15,39751,HUF,True,1914,43268,66270,2017-05-01T00:00:00,1914,66270,43268,2017-05-10T00:00:00,2017-04-09T22:25:00,BUD,Budapest,Station,LTN,London Luton,Station,Wizz Air,Wizz Air
16,47432,HUF,True,1914,43268,66270,2017-05-01T00:00:00,1914,66270,43268,2017-05-12T00:00:00,2017-04-10T18:29:00,BUD,Budapest,Station,LTN,London Luton,Station,Wizz Air,Wizz Air
17,46689,HUF,True,1914,43268,66270,2017-05-01T00:00:00,1914,66270,43268,2017-05-16T00:00:00,2017-04-09T08:12:00,BUD,Budapest,Station,LTN,London Luton,Station,Wizz Air,Wizz Air
18,72851,HUF,False,1368,43268,65698,2017-05-01T00:00:00,1523,65698,43268,2017-05-20T00:00:00,2017-04-11T21:56:00,BUD,Budapest,Station,LHR,London Heathrow,Station,Lufthansa,Austrian Airlines
19,96271,HUF,True,881,43268,65698,2017-05-01T00:00:00,881,65698,43268,2017-05-27T00:00:00,2017-04-05T13:48:00,BUD,Budapest,Station,LHR,London Heathrow,Station,British Airways,British Airways
20,52714,HUF,True,1914,43268,66270,2017-05-01T00:00:00,1914,66270,43268,2017-05-29T00:00:00,2017-04-10T14:48:00,BUD,Budapest,Station,LTN,London Luton,Station,Wizz Air,Wizz Air
21,29897,HUF,True,1914,43268,66270,2017-05-01T00:00:00,1914,66270,43268,2017-05-30T00:00:00,2017-04-04T16:34:00,BUD,Budapest,Station,LTN,London Luton,Station,Wizz Air,Wizz Air
25,32221,HUF,True,1914,43268,66270,2017-05-02T00:00:00,1914,66270,43268,2017-05-02T00:00:00,2017-04-14T19:24:00,BUD,Budapest,Station,LTN,London Luton,Station,Wizz Air,Wizz Air
26,66706,HUF,True,881,43268,65698,2017-05-02T00:00:00,881,65698,43268,2017-05-03T00:00:00,2017-04-17T01:25:00,BUD,Budapest,Station,LHR,London Heathrow,Station,British Airways,British Airways
27,63775,HUF,False,1368,43268,65465,2017-05-02T00:00:00,1523,65698,43268,2017-05-03T00:00:00,2017-04-04T13:36:00,BUD,Budapest,Station,LHR,London Heathrow,Station,Lufthansa,Austrian Airlines
28,38037,HUF,True,1914,43268,66270,2017-05-02T00:00:00,1914,66270,43268,2017-05-04T00:00:00,2017-04-15T18:53:00,BUD,Budapest,Station,LTN,London Luton,Station,Wizz Air,Wizz Air
29,44322,HUF,True,1914,43268,66270,2017-05-02T00:00:00,1914,66270,43268,2017-05-05T00:00:00,2017-04-17T12:11:00,BUD,Budapest,Station,LTN,London Luton,Station,Wizz Air,Wizz Air
30,36466,HUF,True,1914,43268,66270,2017-05-02T00:00:00,1914,66270,43268,2017-05-06T00:00:00,2017-04-11T11:51:00,BUD,Budapest,Station,LTN,London Luton,Station,Wizz Air,Wizz Air
31,30666,HUF,True,1914,43268,66270,2017-05-02T00:00:00,1914,66270,43268,2017-05-07T00:00:00,2017-04-06T12:18:00,BUD,Budapest,Station,LTN,London Luton,Station,Wizz Air,Wizz Air
32,57475,HUF,True,881,43268,65698,2017-05-02T00:00:00,881,65698,43268,2017-05-08T00:00:00,2017-04-15T09:31:00,BUD,Budapest,Station,LHR,London Heathrow,Station,British Airways,British Airways
33,26227,HUF,True,1914,43268,66270,2017-05-02T00:00:00,1914,66270,43268,2017-05-09T00:00:00,2017-04-14T05:43:00,BUD,Budapest,Station,LTN,London Luton,Station,Wizz Air,Wizz Air
34,62952,HUF,True,881,43268,65698,2017-05-02T00:00:00,881,65698,43268,2017-05-10T00:00:00,2017-04-12T20:48:00,BUD,Budapest,Station,LHR,London Heathrow,Station,British Airways,British Airways
35,55485,HUF,False,1324,43268,65698,2017-05-02T00:00:00,838,65698,43268,2017-05-10T00:00:00,2017-04-12T20:49:00,BUD,Budapest,Station,LHR,London Heathrow,Station,KLM,Air France
36,63893,HUF,True,881,43268,65698,2017-05-02T00:00:00,881,65698,43268,2017-05-11T00:00:00,2017-04-10T12:37:00,BUD,Budapest,Station,LHR,London Heathrow,Station,British Airways,British Airways
37,55713,HUF,False,1324,43268,65698,2017-05-02T00:00:00,838,65698,43268,2017-05-11T00:00:00,2017-04-10T12:37:00,BUD,Budapest,Station,LHR,London Heathrow,Station,KLM,Air France
38,28983,HUF,True,1914,43268,66270,2017-05-02T00:00:00,1914,66270,43268,2017-05-13T00:00:00,2017-04-13T06:47:00,BUD,Budapest,Station,LTN,London Luton,Station,Wizz Air,Wizz Air
39,54348,HUF,True,881,43268,65698,2017-05-02T00:00:00,881,65698,43268,2017-05-14T00:00:00,2017-04-05T05:48:00,BUD,Budapest,Station,LHR,London Heathrow,Station,British Airways,British Airways
40,31927,HUF,True,1914,43268,66270,2017-05-02T00:00:00,1914,66270,43268,2017-05-16T00:00:00,2017-04-09T15:08:00,BUD,Budapest,Station,LTN,London Luton,Station,Wizz Air,Wizz Air
41,30666,HUF,True,1914,43268,66270,2017-05-02T00:00:00,1914,66270,43268,2017-05-17T00:00:00,2017-04-09T10:37:00,BUD,Budapest,Station,LTN,London Luton,Station,Wizz Air,Wizz Air
42,76751,HUF,False,1523,43268,82398,2017-05-02T00:00:00,1368,82398,43268,2017-05-24T00:00:00,2017-04-05T18:22:00,BUD,Budapest,Station,STN,London Stansted,Station,Austrian Airlines,Lufthansa
43,53879,HUF,False,1324,43268,65698,2017-05-02T00:00:00,1324,65698,43268,2017-05-31T00:00:00,2017-04-09T15:35:00,BUD,Budapest,Station,LHR,London Heathrow,Station,KLM,KLM
48,25495,HUF,True,1914,43268,66270,2017-05-03T00:00:00,1914,66270,43268,2017-05-03T00:00:00,2017-04-14T10:29:00,BUD,Budapest,Station,LTN,London Luton,Station,Wizz Air,Wizz Air
49,30209,HUF,True,1914,43268,66270,2017-05-03T00:00:00,1914,66270,43268,2017-05-04T00:00:00,2017-04-16T20:43:00,BUD,Budapest,Station,LTN,London Luton,Station,Wizz Air,Wizz Air
50,28420,HUF,True,1914,43268,66270,2017-05-03T00:00:00,1914,66270,43268,2017-05-05T00:00:00,2017-04-07T19:37:00,BUD,Budapest,Station,LTN,London Luton,Station,Wizz Air,Wizz Air
51,39027,HUF,True,1914,43268,66270,2017-05-03T00:00:00,1914,66270,43268,2017-05-06T00:00:00,2017-04-17T10:44:00,BUD,Budapest,Station,LTN,London Luton,Station,Wizz Air,Wizz Air
52,23233,HUF,True,1914,43268,66270,2017-05-03T00:00:00,1914,66270,43268,2017-05-07T00:00:00,2017-04-15T07:12:00,BUD,Budapest,Station,LTN,London Luton,Station,Wizz Air,Wizz Air
53,26264,HUF,True,1914,43268,66270,2017-05-03T00:00:00,1914,66270,43268,2017-05-08T00:00:00,2017-04-16T02:51:00,BUD,Budapest,Station,LTN,London Luton,Station,Wizz Air,Wizz Air
54,34407,HUF,True,1914,43268,66270,2017-05-03T00:00:00,885,81678,43268,2017-05-09T00:00:00,2017-04-10T17:19:00,BUD,Budapest,Station,SEN,London Southend Mncpl,Station,Wizz Air,Flybe
55,25601,HUF,True,1914,43268,66270,2017-05-03T00:00:00,1914,66270,43268,2017-05-10T00:00:00,2017-04-16T04:45:00,BUD,Budapest,Station,LTN,London Luton,Station,Wizz Air,Wizz Air
56,71152,HUF,True,881,43268,65698,2017-05-03T00:00:00,885,81678,43268,2017-05-11T00:00:00,2017-04-06T21:13:00,BUD,Budapest,Station,SEN,London Southend Mncpl,Station,British Airways,Flybe
57,56532,HUF,False,838,43268,65698,2017-05-03T00:00:00,838,65698,43268,2017-05-11T00:00:00,2017-04-06T21:13:00,BUD,Budapest,Station,LHR,London Heathrow,Station,Air France,Air France
58,57922,HUF,True,881,43268,65698,2017-05-03T00:00:00,881,65698,43268,2017-05-19T00:00:00,2017-04-13T12:26:00,BUD,Budapest,Station,LHR,London Heathrow,Station,British Airways,British Airways
59,58161,HUF,True,881,43268,65698,2017-05-03T00:00:00,881,65698,43268,2017-05-20T00:00:00,2017-04-12T20:17:00,BUD,Budapest,Station,LHR,London Heathrow,Station,British Airways,British Airways
60,48242,HUF,True,881,43268,65698,2017-05-03T00:00:00,881,65698,43268,2017-05-21T00:00:00,2017-04-17T09:06:00,BUD,Budapest,Station,LHR,London Heathrow,Station,British Airways,British Airways
61,57777,HUF,True,881,43268,65698,2017-05-03T00:00:00,881,65698,43268,2017-05-27T00:00:00,2017-04-14T09:20:00,BUD,Budapest,Station,LHR,London Heathrow,Station,British Airways,British Airways
68,27431,HUF,True,1914,43268,66270,2017-05-04T00:00:00,1914,66270,43268,2017-05-04T00:00:00,2017-04-09T22:25:00,BUD,Budapest,Station,LTN,London Luton,Station,Wizz Air,Wizz Air
69,72666,HUF,True,881,43268,65698,2017-05-04T00:00:00,881,65698,43268,2017-05-05T00:00:00,2017-04-10T09:04:00,BUD,Budapest,Station,LHR,London Heathrow,Station,British Airways,British Airways
70,61993,HUF,False,1523,43268,65698,2017-05-04T00:00:00,1523,65698,43268,2017-05-05T00:00:00,2017-04-10T09:04:00,BUD,Budapest,Station,LHR,London Heathrow,Station,Austrian Airlines,Austrian Airlines
71,28023,HUF,True,1914,43268,66270,2017-05-04T00:00:00,1914,66270,43268,2017-05-06T00:00:00,2017-04-16T17:48:00,BUD,Budapest,Station,LTN,London Luton,Station,Wizz Air,Wizz Air
72,21040,HUF,True,1914,43268,66270,2017-05-04T00:00:00,1914,66270,43268,2017-05-07T00:00:00,2017-04-17T10:44:00,BUD,Budapest,Station,LTN,London Luton,Station,Wizz Air,Wizz Air
73,28302,HUF,True,1914,43268,66270,2017-05-04T00:00:00,1914,66270,43268,2017-05-08T00:00:00,2017-04-17T03:54:00,BUD,Budapest,Station,LTN,London Luton,Station,Wizz Air,Wizz Air
74,21040,HUF,True,1914,43268,66270,2017-05-04T00:00:00,1914,66270,43268,2017-05-09T00:00:00,2017-04-15T17:07:00,BUD,Budapest,Station,LTN,London Luton,Station,Wizz Air,Wizz Air
75,20342,HUF,True,1914,43268,66270,2017-05-04T00:00:00,1914,66270,43268,2017-05-10T00:00:00,2017-04-09T16:38:00,BUD,Budapest,Station,LTN,London Luton,Station,Wizz Air,Wizz Air
76,19957,HUF,True,885,43268,81678,2017-05-04T00:00:00,885,81678,43268,2017-05-11T00:00:00,2017-04-04T08:08:00,BUD,Budapest,Station,SEN,London Southend Mncpl,Station,Flybe,Flybe
77,64120,HUF,True,881,43268,65698,2017-05-04T00:00:00,881,65698,43268,2017-05-12T00:00:00,2017-04-15T14:51:00,BUD,Budapest,Station,LHR,London Heathrow,Station,British Airways,British Airways
78,60033,HUF,False,838,43268,65698,2017-05-04T00:00:00,838,65698,43268,2017-05-12T00:00:00,2017-04-15T14:51:00,BUD,Budapest,Station,LHR,London Heathrow,Station,Air France,Air France
79,21753,HUF,True,1914,43268,66270,2017-05-04T00:00:00,1914,66270,43268,2017-05-13T00:00:00,2017-04-12T08:50:00,BUD,Budapest,Station,LTN,London Luton,Station,Wizz Air,Wizz Air
80,59126,HUF,True,881,43268,65698,2017-05-04T00:00:00,881,65698,43268,2017-05-14T00:00:00,2017-04-17T05:44:00,BUD,Budapest,Station,LHR,London Heathrow,Station,British Airways,British Airways
81,55635,HUF,False,1710,43268,65698,2017-05-04T00:00:00,1710,65698,43268,2017-05-14T00:00:00,2017-04-17T05:44:00,BUD,Budapest,Station,LHR,London Heathrow,Station,Brussels Airlines,Brussels Airlines
82,51383,HUF,True,885,43268,81678,2017-05-04T00:00:00,881,65698,43268,2017-05-15T00:00:00,2017-04-13T09:27:00,BUD,Budapest,Station,LHR,London Heathrow,Station,Flybe,British Airways
83,37664,HUF,True,885,43268,81678,2017-05-04T00:00:00,885,81678,43268,2017-05-16T00:00:00,2017-04-15T17:31:00,BUD,Budapest,Station,SEN,London Southend Mncpl,Station,Flybe,Flybe
84,25955,HUF,True,885,43268,81678,2017-05-04T00:00:00,885,81678,43268,2017-05-18T00:00:00,2017-04-16T12:37:00,BUD,Budapest,Station,SEN,London Southend Mncpl,Station,Flybe,Flybe
85,71246,HUF,True,1050,43268,65655,2017-05-04T00:00:00,1050,65655,43268,2017-05-19T00:00:00,2017-04-15T18:39:00,BUD,Budapest,Station,LGW,London Gatwick,Station,easyJet,easyJet
86,55715,HUF,False,1050,43268,65655,2017-05-04T00:00:00,1218,65655,43268,2017-05-19T00:00:00,2017-04-16T09:40:00,BUD,Budapest,Station,LGW,London Gatwick,Station,easyJet,Iberia
87,64135,HUF,False,1523,43268,65698,2017-05-04T00:00:00,1523,65698,43268,2017-05-20T00:00:00,2017-04-13T10:08:00,BUD,Budapest,Station,LHR,London Heathrow,Station,Austrian Airlines,Austrian Airlines
88,51316,HUF,False,885,43268,81678,2017-05-04T00:00:00,1001,65655,43268,2017-05-22T00:00:00,2017-04-13T08:52:00,BUD,Budapest,Station,LGW,London Gatwick,Station,Flybe,Norwegian
91,29609,HUF,True,1914,43268,66270,2017-05-05T00:00:00,1914,66270,43268,2017-05-05T00:00:00,2017-04-17T10:03:00,BUD,Budapest,Station,LTN,London Luton,Station,Wizz Air,Wizz Air
92,24894,HUF,True,1914,43268,66270,2017-05-05T00:00:00,1914,66270,43268,2017-05-06T00:00:00,2017-04-17T07:56:00,BUD,Budapest,Station,LTN,London Luton,Station,Wizz Air,Wizz Air
93,17911,HUF,True,1914,43268,66270,2017-05-05T00:00:00,1914,66270,43268,2017-05-07T00:00:00,2017-04-17T06:58:00,BUD,Budapest,Station,LTN,London Luton,Station,Wizz Air,Wizz Air
94,17911,HUF,True,1914,43268,66270,2017-05-05T00:00:00,1914,66270,43268,2017-05-08T00:00:00,2017-04-17T07:50:00,BUD,Budapest,Station,LTN,London Luton,Station,Wizz Air,Wizz Air
95,17911,HUF,True,1914,43268,66270,2017-05-05T00:00:00,1914,66270,43268,2017-05-09T00:00:00,2017-04-17T03:54:00,BUD,Budapest,Station,LTN,London Luton,Station,Wizz Air,Wizz Air
96,19081,HUF,True,1914,43268,66270,2017-05-05T00:00:00,1914,66270,43268,2017-05-10T00:00:00,2017-04-13T15:48:00,BUD,Budapest,Station,LTN,London Luton,Station,Wizz Air,Wizz Air
97,91374,HUF,False,1218,43268,66270,2017-05-05T00:00:00,1218,66270,43268,2017-05-11T00:00:00,2017-04-06T16:56:00,BUD,Budapest,Station,LTN,London Luton,Station,Iberia,Iberia
98,24894,HUF,True,1914,43268,66270,2017-05-05T00:00:00,1914,66270,43268,2017-05-12T00:00:00,2017-04-05T16:41:00,BUD,Budapest,Station,LTN,London Luton,Station,Wizz Air,Wizz Air
99,38531,HUF,True,1914,43268,66270,2017-05-05T00:00:00,1914,66270,43268,2017-05-14T00:00:00,2017-04-13T19:02:00,BUD,Budapest,Station,LTN,London Luton,Station,Wizz Air,Wizz Air
100,31169,HUF,True,1914,43268,66270,2017-05-05T00:00:00,1914,66270,43268,2017-05-15T00:00:00,2017-04-11T14:58:00,BUD,Budapest,Station,LTN,London Luton,Station,Wizz Air,Wizz Air
101,54404,HUF,True,881,43268,65698,2017-05-05T00:00:00,881,65698,43268,2017-05-16T00:00:00,2017-04-12T17:57:00,BUD,Budapest,Station,LHR,London Heathrow,Station,British Airways,British Airways
102,54155,HUF,False,1384,43268,65698,2017-05-05T00:00:00,1384,65698,43268,2017-05-16T00:00:00,2017-04-16T16:14:00,BUD,Budapest,Station,LHR,London Heathrow,Station,Swiss,Swiss
103,58322,HUF,False,1523,43268,65698,2017-05-05T00:00:00,1523,65698,43268,2017-05-17T00:00:00,2017-04-03T12:33:00,BUD,Budapest,Station,LHR,London Heathrow,Station,Austrian Airlines,Austrian Airlines
104,53955,HUF,True,881,43268,65698,2017-05-05T00:00:00,881,65698,43268,2017-05-18T00:00:00,2017-04-05T05:48:00,BUD,Budapest,Station,LHR,London Heathrow,Station,British Airways,British Airways
105,21863,HUF,True,1914,43268,66270,2017-05-05T00:00:00,1914,66270,43268,2017-05-19T00:00:00,2017-04-03T12:34:00,BUD,Budapest,Station,LTN,London Luton,Station,Wizz Air,Wizz Air
106,29014,HUF,True,1914,43268,66270,2017-05-05T00:00:00,1914,66270,43268,2017-05-20T00:00:00,2017-04-16T21:40:00,BUD,Budapest,Station,LTN,London Luton,Station,Wizz Air,Wizz Air
107,78529,HUF,True,881,43268,65698,2017-05-05T00:00:00,881,65698,43268,2017-05-30T00:00:00,2017-04-16T17:09:00,BUD,Budapest,Station,LHR,London Heathrow,Station,British Airways,British Airways
108,55621,HUF,False,1710,43268,65698,2017-05-05T00:00:00,1710,65698,43268,2017-05-30T00:00:00,2017-04-16T17:09:00,BUD,Budapest,Station,LHR,London Heathrow,Station,Brussels Airlines,Brussels Airlines
113,33404,HUF,True,1914,43268,66270,2017-05-06T00:00:00,1914,66270,43268,2017-05-06T00:00:00,2017-04-15T19:20:00,BUD,Budapest,Station,LTN,London Luton,Station,Wizz Air,Wizz Air
114,23486,HUF,True,1914,43268,66270,2017-05-06T00:00:00,1914,66270,43268,2017-05-07T00:00:00,2017-04-17T11:59:00,BUD,Budapest,Station,LTN,London Luton,Station,Wizz Air,Wizz Air
115,22789,HUF,True,1914,43268,66270,2017-05-06T00:00:00,1914,66270,43268,2017-05-08T00:00:00,2017-04-06T09:44:00,BUD,Budapest,Station,LTN,London Luton,Station,Wizz Air,Wizz Air
116,21897,HUF,True,885,43268,81678,2017-05-06T00:00:00,885,81678,43268,2017-05-09T00:00:00,2017-04-12T15:29:00,BUD,Budapest,Station,SEN,London Southend Mncpl,Station,Flybe,Flybe
117,25758,HUF,True,1914,43268,66270,2017-05-06T00:00:00,1914,66270,43268,2017-05-10T00:00:00,2017-04-17T03:54:00,BUD,Budapest,Station,LTN,London Luton,Station,Wizz Air,Wizz Air
118,25955,HUF,True,885,43268,81678,2017-05-06T00:00:00,885,81678,43268,2017-05-11T00:00:00,2017-04-17T09:51:00,BUD,Budapest,Station,SEN,London Southend Mncpl,Station,Flybe,Flybe
120,23414,HUF,True,1914,43268,66270,2017-05-06T00:00:00,1914,66270,43268,2017-05-13T00:00:00,2017-04-13T11:14:00,BUD,Budapest,Station,LTN,London Luton,Station,Wizz Air,Wizz Air
121,33404,HUF,True,1914,43268,66270,2017-05-06T00:00:00,1914,66270,43268,2017-05-14T00:00:00,2017-04-13T19:04:00,BUD,Budapest,Station,LTN,London Luton,Station,Wizz Air,Wizz Air
122,42541,HUF,True,885,43268,81678,2017-05-06T00:00:00,885,81678,43268,2017-05-16T00:00:00,2017-04-12T18:06:00,BUD,Budapest,Station,SEN,London Southend Mncpl,Station,Flybe,Flybe
123,50426,HUF,False,838,43268,65698,2017-05-06T00:00:00,838,65698,43268,2017-05-17T00:00:00,2017-04-11T19:52:00,BUD,Budapest,Station,LHR,London Heathrow,Station,Air France,Air France
124,32040,HUF,True,1914,43268,66270,2017-05-06T00:00:00,1914,66270,43268,2017-05-21T00:00:00,2017-04-16T21:47:00,BUD,Budapest,Station,LTN,London Luton,Station,Wizz Air,Wizz Air
125,59025,HUF,True,881,43268,65698,2017-05-06T00:00:00,881,65698,43268,2017-05-30T00:00:00,2017-04-13T13:02:00,BUD,Budapest,Station,LHR,London Heathrow,Station,British Airways,British Airways
130,34736,HUF,True,1914,43268,66270,2017-05-07T00:00:00,1914,66270,43268,2017-05-07T00:00:00,2017-04-06T09:45:00,BUD,Budapest,Station,LTN,London Luton,Station,Wizz Air,Wizz Air
131,34039,HUF,True,1914,43268,66270,2017-05-07T00:00:00,1914,66270,43268,2017-05-08T00:00:00,2017-04-06T09:43:00,BUD,Budapest,Station,LTN,London Luton,Station,Wizz Air,Wizz Air
132,39849,HUF,True,1914,43268,66270,2017-05-07T00:00:00,885,81678,43268,2017-05-09T00:00:00,2017-04-17T06:21:00,BUD,Budapest,Station,SEN,London Southend Mncpl,Station,Wizz Air,Flybe
133,30200,HUF,True,1914,43268,66270,2017-05-07T00:00:00,1914,66270,43268,2017-05-10T00:00:00,2017-04-06T18:53:00,BUD,Budapest,Station,LTN,London Luton,Station,Wizz Air,Wizz Air
134,36623,HUF,True,1914,43268,66270,2017-05-07T00:00:00,1914,66270,43268,2017-05-11T00:00:00,2017-04-11T17:54:00,BUD,Budapest,Station,LTN,London Luton,Station,Wizz Air,Wizz Air
135,37805,HUF,True,1914,43268,66270,2017-05-07T00:00:00,1914,66270,43268,2017-05-13T00:00:00,2017-04-16T12:01:00,BUD,Budapest,Station,LTN,London Luton,Station,Wizz Air,Wizz Air
136,46214,HUF,True,1914,43268,66270,2017-05-07T00:00:00,1914,66270,43268,2017-05-14T00:00:00,2017-04-13T19:04:00,BUD,Budapest,Station,LTN,London Luton,Station,Wizz Air,Wizz Air
137,73880,HUF,True,881,43268,65698,2017-05-07T00:00:00,881,65698,43268,2017-05-15T00:00:00,2017-04-03T06:40:00,BUD,Budapest,Station,LHR,London Heathrow,Station,British Airways,British Airways
138,59555,HUF,False,1368,43268,65698,2017-05-07T00:00:00,1523,65698,43268,2017-05-15T00:00:00,2017-04-03T06:39:00,BUD,Budapest,Station,LHR,London Heathrow,Station,Lufthansa,Austrian Airlines
139,63371,HUF,False,1368,43268,65698,2017-05-07T00:00:00,1384,65698,43268,2017-05-16T00:00:00,2017-04-12T18:09:00,BUD,Budapest,Station,LHR,London Heathrow,Station,Lufthansa,Swiss
140,100927,HUF,True,1001,43268,65655,2017-05-07T00:00:00,885,81678,43268,2017-05-16T00:00:00,2017-04-12T18:09:00,BUD,Budapest,Station,SEN,London Southend Mncpl,Station,Norwegian,Flybe
141,38193,HUF,True,1914,43268,66270,2017-05-07T00:00:00,1914,66270,43268,2017-05-21T00:00:00,2017-04-11T10:55:00,BUD,Budapest,Station,LTN,London Luton,Station,Wizz Air,Wizz Air
142,143306,HUF,True,881,43268,65698,2017-05-07T00:00:00,1001,65655,43268,2017-05-28T00:00:00,2017-04-05T07:50:00,BUD,Budapest,Station,LGW,London Gatwick,Station,British Airways,Norwegian
143,84668,HUF,False,1218,43268,66270,2017-05-07T00:00:00,1001,65655,43268,2017-05-28T00:00:00,2017-04-05T07:50:00,BUD,Budapest,Station,LGW,London Gatwick,Station,Iberia,Norwegian
153,26074,HUF,True,1914,43268,66270,2017-05-08T00:00:00,1914,66270,43268,2017-05-08T00:00:00,2017-04-15T04:49:00,BUD,Budapest,Station,LTN,London Luton,Station,Wizz Air,Wizz Air
154,28839,HUF,True,1914,43268,66270,2017-05-08T00:00:00,1914,66270,43268,2017-05-09T00:00:00,2017-04-15T12:00:00,BUD,Budapest,Station,LTN,London Luton,Station,Wizz Air,Wizz Air
155,24112,HUF,True,1914,43268,66270,2017-05-08T00:00:00,1914,66270,43268,2017-05-10T00:00:00,2017-04-14T10:13:00,BUD,Budapest,Station,LTN,London Luton,Station,Wizz Air,Wizz Air
156,34611,HUF,True,1914,43268,66270,2017-05-08T00:00:00,1914,66270,43268,2017-05-11T00:00:00,2017-04-12T15:14:00,BUD,Budapest,Station,LTN,London Luton,Station,Wizz Air,Wizz Air
157,42749,HUF,True,1914,43268,66270,2017-05-08T00:00:00,1914,66270,43268,2017-05-12T00:00:00,2017-04-17T11:11:00,BUD,Budapest,Station,LTN,London Luton,Station,Wizz Air,Wizz Air
158,24403,HUF,True,1914,43268,66270,2017-05-08T00:00:00,1914,66270,43268,2017-05-13T00:00:00,2017-04-12T15:29:00,BUD,Budapest,Station,LTN,London Luton,Station,Wizz Air,Wizz Air
159,37649,HUF,True,1914,43268,66270,2017-05-08T00:00:00,1914,66270,43268,2017-05-14T00:00:00,2017-04-13T19:04:00,BUD,Budapest,Station,LTN,London Luton,Station,Wizz Air,Wizz Air
160,25567,HUF,True,1914,43268,66270,2017-05-08T00:00:00,1914,66270,43268,2017-05-15T00:00:00,2017-04-08T09:04:00,BUD,Budapest,Station,LTN,London Luton,Station,Wizz Air,Wizz Air
161,53919,HUF,True,881,43268,65698,2017-05-08T00:00:00,881,65698,43268,2017-05-16T00:00:00,2017-04-14T19:13:00,BUD,Budapest,Station,LHR,London Heathrow,Station,British Airways,British Airways
162,26264,HUF,True,1914,43268,66270,2017-05-08T00:00:00,1914,66270,43268,2017-05-18T00:00:00,2017-04-06T09:19:00,BUD,Budapest,Station,LTN,London Luton,Station,Wizz Air,Wizz Air
163,134507,HUF,True,881,43268,65698,2017-05-08T00:00:00,881,65698,43268,2017-05-26T00:00:00,2017-04-15T14:24:00,BUD,Budapest,Station,LHR,London Heathrow,Station,British Airways,British Airways
164,76375,HUF,False,1523,43268,65698,2017-05-08T00:00:00,1523,65698,43268,2017-05-26T00:00:00,2017-04-15T14:23:00,BUD,Budapest,Station,LHR,London Heathrow,Station,Austrian Airlines,Austrian Airlines
165,59399,HUF,True,881,43268,65698,2017-05-08T00:00:00,881,65698,43268,2017-05-29T00:00:00,2017-04-05T13:43:00,BUD,Budapest,Station,LHR,London Heathrow,Station,British Airways,British Airways
166,55964,HUF,False,1523,43268,65698,2017-05-08T00:00:00,1523,65698,43268,2017-05-29T00:00:00,2017-04-05T13:43:00,BUD,Budapest,Station,LHR,London Heathrow,Station,Austrian Airlines,Austrian Airlines
167,59025,HUF,True,881,43268,65698,2017-05-08T00:00:00,881,65698,43268,2017-05-30T00:00:00,2017-04-13T11:56:00,BUD,Budapest,Station,LHR,London Heathrow,Station,British Airways,British Airways
168,26264,HUF,True,1914,43268,66270,2017-05-08T00:00:00,1914,66270,43268,2017-05-31T00:00:00,2017-04-04T17:34:00,BUD,Budapest,Station,LTN,London Luton,Station,Wizz Air,Wizz Air
174,26421,HUF,True,1914,43268,66270,2017-05-09T00:00:00,1914,66270,43268,2017-05-09T00:00:00,2017-04-13T19:04:00,BUD,Budapest,Station,LTN,London Luton,Station,Wizz Air,Wizz Air
175,27118,HUF,True,1914,43268,66270,2017-05-09T00:00:00,1914,66270,43268,2017-05-10T00:00:00,2017-04-13T19:04:00,BUD,Budapest,Station,LTN,London Luton,Station,Wizz Air,Wizz Air
176,25955,HUF,True,885,43268,81678,2017-05-09T00:00:00,885,81678,43268,2017-05-11T00:00:00,2017-04-16T06:11:00,BUD,Budapest,Station,SEN,London Southend Mncpl,Station,Flybe,Flybe
177,36545,HUF,True,1914,43268,66270,2017-05-09T00:00:00,1914,66270,43268,2017-05-12T00:00:00,2017-04-13T19:04:00,BUD,Budapest,Station,LTN,London Luton,Station,Wizz Air,Wizz Air
178,21881,HUF,True,885,43268,81678,2017-05-09T00:00:00,885,81678,43268,2017-05-13T00:00:00,2017-04-13T19:04:00,BUD,Budapest,Station,SEN,London Southend Mncpl,Station,Flybe,Flybe
179,33404,HUF,True,1914,43268,66270,2017-05-09T00:00:00,1914,66270,43268,2017-05-14T00:00:00,2017-04-13T19:04:00,BUD,Budapest,Station,LTN,London Luton,Station,Wizz Air,Wizz Air
180,35904,HUF,True,885,43268,81678,2017-05-09T00:00:00,1914,66270,43268,2017-05-15T00:00:00,2017-04-17T07:20:00,BUD,Budapest,Station,LTN,London Luton,Station,Flybe,Wizz Air
181,26397,HUF,True,885,43268,81678,2017-05-09T00:00:00,885,81678,43268,2017-05-16T00:00:00,2017-04-05T15:40:00,BUD,Budapest,Station,SEN,London Southend Mncpl,Station,Flybe,Flybe
182,37705,HUF,True,885,43268,81678,2017-05-09T00:00:00,885,81678,43268,2017-05-18T00:00:00,2017-04-14T19:44:00,BUD,Budapest,Station,SEN,London Southend Mncpl,Station,Flybe,Flybe
183,24462,HUF,True,1914,43268,66270,2017-05-09T00:00:00,1914,66270,43268,2017-05-19T00:00:00,2017-04-05T15:42:00,BUD,Budapest,Station,LTN,London Luton,Station,Wizz Air,Wizz Air
184,37665,HUF,True,885,43268,81678,2017-05-09T00:00:00,885,81678,43268,2017-05-23T00:00:00,2017-04-17T03:29:00,BUD,Budapest,Station,SEN,London Southend Mncpl,Station,Flybe,Flybe
185,81964,HUF,False,1001,43268,65655,2017-05-09T00:00:00,900,65655,43268,2017-05-24T00:00:00,2017-04-16T19:27:00,BUD,Budapest,Station,LGW,London Gatwick,Station,Norwegian,airBaltic
186,72300,HUF,False,1384,43268,65698,2017-05-09T00:00:00,1384,65698,43268,2017-05-26T00:00:00,2017-04-05T15:40:00,BUD,Budapest,Station,LHR,London Heathrow,Station,Swiss,Swiss
187,53703,HUF,True,885,43268,81678,2017-05-09T00:00:00,885,81678,43268,2017-05-30T00:00:00,2017-04-10T18:14:00,BUD,Budapest,Station,SEN,London Southend Mncpl,Station,Flybe,Flybe
191,27068,HUF,True,1914,43268,66270,2017-05-10T00:00:00,1914,66270,43268,2017-05-10T00:00:00,2017-04-17T08:13:00,BUD,Budapest,Station,LTN,London Luton,Station,Wizz Air,Wizz Air
192,31780,HUF,True,1914,43268,66270,2017-05-10T00:00:00,1914,66270,43268,2017-05-11T00:00:00,2017-04-16T18:43:00,BUD,Budapest,Station,LTN,London Luton,Station,Wizz Air,Wizz Air
193,33454,HUF,True,1914,43268,66270,2017-05-10T00:00:00,1914,66270,43268,2017-05-12T00:00:00,2017-04-16T08:53:00,BUD,Budapest,Station,LTN,London Luton,Station,Wizz Air,Wizz Air
194,26712,HUF,True,1914,43268,66270,2017-05-10T00:00:00,1914,66270,43268,2017-05-13T00:00:00,2017-04-15T11:12:00,BUD,Budapest,Station,LTN,London Luton,Station,Wizz Air,Wizz Air
195,26712,HUF,True,1914,43268,66270,2017-05-10T00:00:00,1914,66270,43268,2017-05-14T00:00:00,2017-04-15T14:32:00,BUD,Budapest,Station,LTN,London Luton,Station,Wizz Air,Wizz Air
196,20186,HUF,True,1914,43268,66270,2017-05-10T00:00:00,1914,66270,43268,2017-05-15T00:00:00,2017-04-04T10:04:00,BUD,Budapest,Station,LTN,London Luton,Station,Wizz Air,Wizz Air
197,28409,HUF,True,1914,43268,66270,2017-05-10T00:00:00,1914,66270,43268,2017-05-16T00:00:00,2017-04-10T09:34:00,BUD,Budapest,Station,LTN,London Luton,Station,Wizz Air,Wizz Air
198,27068,HUF,True,1914,43268,66270,2017-05-10T00:00:00,1914,66270,43268,2017-05-17T00:00:00,2017-04-13T22:40:00,BUD,Budapest,Station,LTN,London Luton,Station,Wizz Air,Wizz Air
199,58249,HUF,True,881,43268,65698,2017-05-10T00:00:00,881,65698,43268,2017-05-18T00:00:00,2017-04-11T11:10:00,BUD,Budapest,Station,LHR,London Heathrow,Station,British Airways,British Airways
200,57065,HUF,False,838,43268,65698,2017-05-10T00:00:00,838,65698,43268,2017-05-18T00:00:00,2017-04-11T11:10:00,BUD,Budapest,Station,LHR,London Heathrow,Station,Air France,Air France
201,39007,HUF,True,1914,43268,66270,2017-05-10T00:00:00,885,81678,43268,2017-05-20T00:00:00,2017-04-13T07:25:00,BUD,Budapest,Station,SEN,London Southend Mncpl,Station,Wizz Air,Flybe
202,24725,HUF,True,1914,43268,66270,2017-05-10T00:00:00,1914,66270,43268,2017-05-21T00:00:00,2017-04-05T14:34:00,BUD,Budapest,Station,LTN,London Luton,Station,Wizz Air,Wizz Air
203,51562,HUF,False,838,43268,65698,2017-05-10T00:00:00,838,65698,43268,2017-05-24T00:00:00,2017-04-03T20:32:00,BUD,Budapest,Station,LHR,London Heathrow,Station,Air France,Air France
204,52912,HUF,True,881,43268,65698,2017-05-10T00:00:00,881,65698,43268,2017-05-28T00:00:00,2017-04-13T11:59:00,BUD,Budapest,Station,LHR,London Heathrow,Station,British Airways,British Airways
205,53237,HUF,True,881,43268,65698,2017-05-10T00:00:00,881,65698,43268,2017-05-29T00:00:00,2017-04-05T13:37:00,BUD,Budapest,Station,LHR,London Heathrow,Station,British Airways,British Airways
206,49463,HUF,False,838,43268,65698,2017-05-10T00:00:00,1324,65698,43268,2017-05-31T00:00:00,2017-04-02T21:10:00,BUD,Budapest,Station,LHR,London Heathrow,Station,Air France,KLM
214,25013,HUF,True,1914,43268,66270,2017-05-11T00:00:00,1914,66270,43268,2017-05-11T00:00:00,2017-04-13T19:08:00,BUD,Budapest,Station,LTN,London Luton,Station,Wizz Air,Wizz Air
215,33454,HUF,True,1914,43268,66270,2017-05-11T00:00:00,1914,66270,43268,2017-05-12T00:00:00,2017-04-16T18:40:00,BUD,Budapest,Station,LTN,London Luton,Station,Wizz Air,Wizz Air
216,21897,HUF,True,885,43268,81678,2017-05-11T00:00:00,885,81678,43268,2017-05-13T00:00:00,2017-04-12T08:39:00,BUD,Budapest,Station,SEN,London Southend Mncpl,Station,Flybe,Flybe
217,30313,HUF,True,1914,43268,66270,2017-05-11T00:00:00,1914,66270,43268,2017-05-14T00:00:00,2017-04-15T20:59:00,BUD,Budapest,Station,LTN,London Luton,Station,Wizz Air,Wizz Air
218,25601,HUF,True,1914,43268,66270,2017-05-11T00:00:00,1914,66270,43268,2017-05-15T00:00:00,2017-04-15T20:57:00,BUD,Budapest,Station,LTN,London Luton,Station,Wizz Air,Wizz Air
219,25601,HUF,True,1914,43268,66270,2017-05-11T00:00:00,1914,66270,43268,2017-05-16T00:00:00,2017-04-16T13:51:00,BUD,Budapest,Station,LTN,London Luton,Station,Wizz Air,Wizz Air
220,21581,HUF,True,1914,43268,66270,2017-05-11T00:00:00,1914,66270,43268,2017-05-17T00:00:00,2017-04-12T15:59:00,BUD,Budapest,Station,LTN,London Luton,Station,Wizz Air,Wizz Air
221,26395,HUF,True,885,43268,81678,2017-05-11T00:00:00,885,81678,43268,2017-05-18T00:00:00,2017-04-11T22:18:00,BUD,Budapest,Station,SEN,London Southend Mncpl,Station,Flybe,Flybe
222,33454,HUF,True,1914,43268,66270,2017-05-11T00:00:00,1914,66270,43268,2017-05-19T00:00:00,2017-04-11T22:19:00,BUD,Budapest,Station,LTN,London Luton,Station,Wizz Air,Wizz Air
223,54213,HUF,True,881,43268,65698,2017-05-11T00:00:00,881,65698,43268,2017-05-21T00:00:00,2017-04-06T18:05:00,BUD,Budapest,Station,LHR,London Heathrow,Station,British Airways,British Airways
224,53050,HUF,False,838,43268,65698,2017-05-11T00:00:00,838,65698,43268,2017-05-21T00:00:00,2017-04-06T18:05:00,BUD,Budapest,Station,LHR,London Heathrow,Station,Air France,Air France
225,54496,HUF,True,881,43268,65698,2017-05-11T00:00:00,881,65698,43268,2017-05-22T00:00:00,2017-04-14T17:30:00,BUD,Budapest,Station,LHR,London Heathrow,Station,British Airways,British Airways
226,38363,HUF,True,885,43268,81678,2017-05-11T00:00:00,885,81678,43268,2017-05-25T00:00:00,2017-04-15T17:53:00,BUD,Budapest,Station,SEN,London Southend Mncpl,Station,Flybe,Flybe
227,48140,HUF,True,885,43268,81678,2017-05-11T00:00:00,1001,65655,43268,2017-05-28T00:00:00,2017-04-15T13:03:00,BUD,Budapest,Station,LGW,London Gatwick,Station,Flybe,Norwegian
231,31536,HUF,True,1914,43268,66270,2017-05-12T00:00:00,1914,66270,43268,2017-05-12T00:00:00,2017-04-15T09:26:00,BUD,Budapest,Station,LTN,London Luton,Station,Wizz Air,Wizz Air
232,23361,HUF,True,1914,43268,66270,2017-05-12T00:00:00,1914,66270,43268,2017-05-13T00:00:00,2017-04-13T21:23:00,BUD,Budapest,Station,LTN,London Luton,Station,Wizz Air,Wizz Air
233,31780,HUF,True,1914,43268,66270,2017-05-12T00:00:00,1914,66270,43268,2017-05-14T00:00:00,2017-04-16T17:45:00,BUD,Budapest,Station,LTN,London Luton,Station,Wizz Air,Wizz Air
234,30209,HUF,True,1914,43268,66270,2017-05-12T00:00:00,1914,66270,43268,2017-05-15T00:00:00,2017-04-16T12:04:00,BUD,Budapest,Station,LTN,London Luton,Station,Wizz Air,Wizz Air
235,27068,HUF,True,1914,43268,66270,2017-05-12T00:00:00,1914,66270,43268,2017-05-16T00:00:00,2017-04-15T15:02:00,BUD,Budapest,Station,LTN,London Luton,Station,Wizz Air,Wizz Air
236,57509,HUF,True,881,43268,65698,2017-05-12T00:00:00,881,65698,43268,2017-05-17T00:00:00,2017-04-17T07:45:00,BUD,Budapest,Station,LHR,London Heathrow,Station,British Airways,British Airways
237,54737,HUF,False,7,43268,66270,2017-05-12T00:00:00,7,66270,43268,2017-05-17T00:00:00,2017-04-07T08:47:00,BUD,Budapest,Station,LTN,London Luton,Station,Vueling Airlines,Vueling Airlines
238,51408,HUF,True,1914,43268,66270,2017-05-12T00:00:00,1914,66270,43268,2017-05-18T00:00:00,2017-04-05T13:26:00,BUD,Budapest,Station,LTN,London Luton,Station,Wizz Air,Wizz Air
239,40834,HUF,False,819,43268,65698,2017-05-12T00:00:00,885,81678,43268,2017-05-18T00:00:00,2017-04-05T13:25:00,BUD,Budapest,Station,SEN,London Southend Mncpl,Station,Aegean Airlines,Flybe
240,35131,HUF,True,1914,43268,66270,2017-05-12T00:00:00,1914,66270,43268,2017-05-19T00:00:00,2017-04-17T06:45:00,BUD,Budapest,Station,LTN,London Luton,Station,Wizz Air,Wizz Air
241,31520,HUF,True,1914,43268,66270,2017-05-12T00:00:00,1914,66270,43268,2017-05-20T00:00:00,2017-04-14T19:00:00,BUD,Budapest,Station,LTN,London Luton,Station,Wizz Air,Wizz Air
242,23155,HUF,True,1914,43268,66270,2017-05-12T00:00:00,1914,66270,43268,2017-05-21T00:00:00,2017-04-04T09:32:00,BUD,Budapest,Station,LTN,London Luton,Station,Wizz Air,Wizz Air
243,57989,HUF,True,881,43268,65698,2017-05-12T00:00:00,881,65698,43268,2017-05-22T00:00:00,2017-04-03T20:35:00,BUD,Budapest,Station,LHR,London Heathrow,Station,British Airways,British Airways
244,55629,HUF,False,1710,43268,65698,2017-05-12T00:00:00,1710,65698,43268,2017-05-22T00:00:00,2017-04-15T09:50:00,BUD,Budapest,Station,LHR,London Heathrow,Station,Brussels Airlines,Brussels Airlines
245,62632,HUF,True,881,43268,65698,2017-05-12T00:00:00,881,65698,43268,2017-05-31T00:00:00,2017-04-13T12:15:00,BUD,Budapest,Station,LHR,London Heathrow,Station,British Airways,British Airways
246,55818,HUF,False,1710,43268,65698,2017-05-12T00:00:00,1710,65698,43268,2017-05-31T00:00:00,2017-04-13T12:15:00,BUD,Budapest,Station,LHR,London Heathrow,Station,Brussels Airlines,Brussels Airlines
255,28201,HUF,True,1914,43268,66270,2017-05-13T00:00:00,1914,66270,43268,2017-05-13T00:00:00,2017-04-14T15:29:00,BUD,Budapest,Station,LTN,London Luton,Station,Wizz Air,Wizz Air
256,30469,HUF,True,1914,43268,66270,2017-05-13T00:00:00,1914,66270,43268,2017-05-14T00:00:00,2017-04-13T21:23:00,BUD,Budapest,Station,LTN,London Luton,Station,Wizz Air,Wizz Air
257,31833,HUF,True,1914,43268,66270,2017-05-13T00:00:00,1914,66270,43268,2017-05-15T00:00:00,2017-04-17T07:32:00,BUD,Budapest,Station,LTN,London Luton,Station,Wizz Air,Wizz Air
258,25955,HUF,True,885,43268,81678,2017-05-13T00:00:00,885,81678,43268,2017-05-16T00:00:00,2017-04-16T07:49:00,BUD,Budapest,Station,SEN,London Southend Mncpl,Station,Flybe,Flybe
259,31833,HUF,True,1914,43268,66270,2017-05-13T00:00:00,1914,66270,43268,2017-05-17T00:00:00,2017-04-17T07:36:00,BUD,Budapest,Station,LTN,London Luton,Station,Wizz Air,Wizz Air
260,34585,HUF,True,885,43268,81678,2017-05-13T00:00:00,885,81678,43268,2017-05-18T00:00:00,2017-04-13T05:03:00,BUD,Budapest,Station,SEN,London Southend Mncpl,Station,Flybe,Flybe
261,39689,HUF,True,1914,43268,66270,2017-05-13T00:00:00,1914,66270,43268,2017-05-19T00:00:00,2017-04-17T06:45:00,BUD,Budapest,Station,LTN,London Luton,Station,Wizz Air,Wizz Air
262,25025,HUF,True,885,43268,81678,2017-05-13T00:00:00,885,81678,43268,2017-05-20T00:00:00,2017-04-13T14:13:00,BUD,Budapest,Station,SEN,London Southend Mncpl,Station,Flybe,Flybe
263,34974,HUF,True,1914,43268,66270,2017-05-13T00:00:00,1914,66270,43268,2017-05-21T00:00:00,2017-04-16T14:26:00,BUD,Budapest,Station,LTN,London Luton,Station,Wizz Air,Wizz Air
264,22019,HUF,True,1914,43268,66270,2017-05-13T00:00:00,1914,66270,43268,2017-05-22T00:00:00,2017-04-09T15:59:00,BUD,Budapest,Station,LTN,London Luton,Station,Wizz Air,Wizz Air
265,58883,HUF,True,881,43268,65698,2017-05-13T00:00:00,881,65698,43268,2017-05-24T00:00:00,2017-04-14T11:22:00,BUD,Budapest,Station,LHR,London Heathrow,Station,British Airways,British Airways
266,56623,HUF,False,838,43268,65698,2017-05-13T00:00:00,838,65698,43268,2017-05-24T00:00:00,2017-04-14T11:22:00,BUD,Budapest,Station,LHR,London Heathrow,Station,Air France,Air France
267,55447,HUF,False,1523,43268,65698,2017-05-13T00:00:00,1523,65698,43268,2017-05-25T00:00:00,2017-04-09T23:13:00,BUD,Budapest,Station,LHR,London Heathrow,Station,Austrian Airlines,Austrian Airlines
268,56123,HUF,True,885,43268,81678,2017-05-13T00:00:00,885,81678,43268,2017-05-25T00:00:00,2017-04-09T23:13:00,BUD,Budapest,Station,SEN,London Southend Mncpl,Station,Flybe,Flybe
269,43036,HUF,True,1914,43268,66270,2017-05-13T00:00:00,1914,66270,43268,2017-05-27T00:00:00,2017-04-12T18:06:00,BUD,Budapest,Station,LTN,London Luton,Station,Wizz Air,Wizz Air
270,29875,HUF,True,1914,43268,66270,2017-05-13T00:00:00,1914,66270,43268,2017-05-29T00:00:00,2017-04-15T14:57:00,BUD,Budapest,Station,LTN,London Luton,Station,Wizz Air,Wizz Air
274,38591,HUF,True,1914,43268,66270,2017-05-14T00:00:00,1914,66270,43268,2017-05-14T00:00:00,2017-04-15T19:21:00,BUD,Budapest,Station,LTN,London Luton,Station,Wizz Air,Wizz Air
275,28711,HUF,True,1914,43268,66270,2017-05-14T00:00:00,1914,66270,43268,2017-05-15T00:00:00,2017-03-26T09:47:00,BUD,Budapest,Station,LTN,London Luton,Station,Wizz Air,Wizz Air
276,43704,HUF,True,1914,43268,66270,2017-05-14T00:00:00,885,81678,43268,2017-05-16T00:00:00,2017-04-16T14:17:00,BUD,Budapest,Station,SEN,London Southend Mncpl,Station,Wizz Air,Flybe
277,36560,HUF,True,1914,43268,66270,2017-05-14T00:00:00,1914,66270,43268,2017-05-17T00:00:00,2017-04-15T11:41:00,BUD,Budapest,Station,LTN,London Luton,Station,Wizz Air,Wizz Air
278,31924,HUF,True,1914,43268,66270,2017-05-14T00:00:00,1914,66270,43268,2017-05-18T00:00:00,2017-04-10T14:20:00,BUD,Budapest,Station,LTN,London Luton,Station,Wizz Air,Wizz Air
279,50366,HUF,True,1914,43268,66270,2017-05-14T00:00:00,1914,66270,43268,2017-05-19T00:00:00,2017-04-14T21:10:00,BUD,Budapest,Station,LTN,London Luton,Station,Wizz Air,Wizz Air
280,95599,HUF,True,881,43268,65698,2017-05-14T00:00:00,881,65698,43268,2017-05-20T00:00:00,2017-04-16T10:38:00,BUD,Budapest,Station,LHR,London Heathrow,Station,British Airways,British Airways
281,62052,HUF,False,1523,43268,65698,2017-05-14T00:00:00,1523,65698,43268,2017-05-20T00:00:00,2017-04-06T20:58:00,BUD,Budapest,Station,LHR,London Heathrow,Station,Austrian Airlines,Austrian Airlines
282,40161,HUF,True,1914,43268,66270,2017-05-14T00:00:00,1914,66270,43268,2017-05-21T00:00:00,2017-04-14T15:25:00,BUD,Budapest,Station,LTN,London Luton,Station,Wizz Air,Wizz Air
283,86166,HUF,True,881,43268,65698,2017-05-14T00:00:00,881,65698,43268,2017-05-22T00:00:00,2017-04-10T11:49:00,BUD,Budapest,Station,LHR,London Heathrow,Station,British Airways,British Airways
284,62455,HUF,False,1523,43268,65698,2017-05-14T00:00:00,1523,65698,43268,2017-05-22T00:00:00,2017-04-10T11:50:00,BUD,Budapest,Station,LHR,London Heathrow,Station,Austrian Airlines,Austrian Airlines
289,38193,HUF,True,1914,43268,66270,2017-05-15T00:00:00,1914,66270,43268,2017-05-15T00:00:00,2017-04-17T06:46:00,BUD,Budapest,Station,LTN,London Luton,Station,Wizz Air,Wizz Air
290,29355,HUF,True,1914,43268,66270,2017-05-15T00:00:00,1914,66270,43268,2017-05-16T00:00:00,2017-04-11T08:24:00,BUD,Budapest,Station,LTN,London Luton,Station,Wizz Air,Wizz Air
291,27610,HUF,True,1914,43268,66270,2017-05-15T00:00:00,1914,66270,43268,2017-05-17T00:00:00,2017-04-13T10:08:00,BUD,Budapest,Station,LTN,London Luton,Station,Wizz Air,Wizz Air
292,43290,HUF,True,1914,43268,66270,2017-05-15T00:00:00,1914,66270,43268,2017-05-18T00:00:00,2017-04-15T18:28:00,BUD,Budapest,Station,LTN,London Luton,Station,Wizz Air,Wizz Air
293,42625,HUF,False,1375,43268,65698,2017-05-15T00:00:00,885,81678,43268,2017-05-18T00:00:00,2017-04-14T20:18:00,BUD,Budapest,Station,SEN,London Southend Mncpl,Station,LOT,Flybe
294,42549,HUF,True,1914,43268,66270,2017-05-15T00:00:00,1914,66270,43268,2017-05-19T00:00:00,2017-04-04T15:34:00,BUD,Budapest,Station,LTN,London Luton,Station,Wizz Air,Wizz Air
295,58472,HUF,False,1523,43268,65698,2017-05-15T00:00:00,1523,65698,43268,2017-05-20T00:00:00,2017-04-05T15:38:00,BUD,Budapest,Station,LHR,London Heathrow,Station,Austrian Airlines,Austrian Airlines
296,54112,HUF,True,881,43268,65698,2017-05-15T00:00:00,881,65698,43268,2017-05-21T00:00:00,2017-04-16T12:57:00,BUD,Budapest,Station,LHR,London Heathrow,Station,British Airways,British Airways
297,38578,HUF,True,1914,43268,66270,2017-05-15T00:00:00,1914,66270,43268,2017-05-22T00:00:00,2017-04-15T18:46:00,BUD,Budapest,Station,LTN,London Luton,Station,Wizz Air,Wizz Air
298,38578,HUF,True,1914,43268,66270,2017-05-15T00:00:00,1914,66270,43268,2017-05-23T00:00:00,2017-04-14T22:19:00,BUD,Budapest,Station,LTN,London Luton,Station,Wizz Air,Wizz Air
299,26715,HUF,True,1914,43268,66270,2017-05-15T00:00:00,1914,66270,43268,2017-05-24T00:00:00,2017-04-03T09:51:00,BUD,Budapest,Station,LTN,London Luton,Station,Wizz Air,Wizz Air
300,39764,HUF,True,1914,43268,66270,2017-05-15T00:00:00,1914,66270,43268,2017-05-31T00:00:00,2017-04-17T10:16:00,BUD,Budapest,Station,LTN,London Luton,Station,Wizz Air,Wizz Air
305,28692,HUF,True,1914,43268,66270,2017-05-16T00:00:00,1914,66270,43268,2017-05-16T00:00:00,2017-04-17T00:17:00,BUD,Budapest,Station,LTN,London Luton,Station,Wizz Air,Wizz Air
306,23774,HUF,True,1914,43268,66270,2017-05-16T00:00:00,1914,66270,43268,2017-05-17T00:00:00,2017-04-12T14:05:00,BUD,Budapest,Station,LTN,London Luton,Station,Wizz Air,Wizz Air
307,32090,HUF,True,885,43268,81678,2017-05-16T00:00:00,885,81678,43268,2017-05-18T00:00:00,2017-04-16T08:41:00,BUD,Budapest,Station,SEN,London Southend Mncpl,Station,Flybe,Flybe
308,33507,HUF,True,1914,43268,66270,2017-05-16T00:00:00,1914,66270,43268,2017-05-19T00:00:00,2017-04-09T14:28:00,BUD,Budapest,Station,LTN,London Luton,Station,Wizz Air,Wizz Air
309,29718,HUF,True,885,43268,81678,2017-05-16T00:00:00,885,81678,43268,2017-05-20T00:00:00,2017-04-14T10:35:00,BUD,Budapest,Station,SEN,London Southend Mncpl,Station,Flybe,Flybe
310,59052,HUF,True,885,43268,81678,2017-05-16T00:00:00,881,65698,43268,2017-05-21T00:00:00,2017-04-10T22:26:00,BUD,Budapest,Station,LHR,London Heathrow,Station,Flybe,British Airways
311,57212,HUF,False,1001,43268,65655,2017-05-16T00:00:00,1001,65655,43268,2017-05-21T00:00:00,2017-04-10T22:26:00,BUD,Budapest,Station,LGW,London Gatwick,Station,Norwegian,Norwegian
312,24900,HUF,True,1914,43268,66270,2017-05-16T00:00:00,1914,66270,43268,2017-05-22T00:00:00,2017-04-14T22:19:00,BUD,Budapest,Station,LTN,London Luton,Station,Wizz Air,Wizz Air
313,30263,HUF,True,1914,43268,66270,2017-05-16T00:00:00,1914,66270,43268,2017-05-23T00:00:00,2017-04-16T17:54:00,BUD,Budapest,Station,LTN,London Luton,Station,Wizz Air,Wizz Air
314,91521,HUF,False,1001,43268,65655,2017-05-16T00:00:00,1515,65655,43268,2017-05-24T00:00:00,2017-04-13T22:08:00,BUD,Budapest,Station,LGW,London Gatwick,Station,Norwegian,Czech Airlines
315,38221,HUF,True,885,43268,81678,2017-05-16T00:00:00,885,81678,43268,2017-05-25T00:00:00,2017-04-05T15:46:00,BUD,Budapest,Station,SEN,London Southend Mncpl,Station,Flybe,Flybe
316,34356,HUF,True,1914,43268,66270,2017-05-16T00:00:00,1914,66270,43268,2017-05-27T00:00:00,2017-04-03T11:52:00,BUD,Budapest,Station,LTN,London Luton,Station,Wizz Air,Wizz Air
317,53237,HUF,True,881,43268,65698,2017-05-16T00:00:00,881,65698,43268,2017-05-29T00:00:00,2017-04-05T13:37:00,BUD,Budapest,Station,LHR,London Heathrow,Station,British Airways,British Airways
318,53735,HUF,True,881,43268,65698,2017-05-16T00:00:00,881,65698,43268,2017-05-31T00:00:00,2017-04-03T16:27:00,BUD,Budapest,Station,LHR,London Heathrow,Station,British Airways,British Airways
322,17561,HUF,True,1914,43268,66270,2017-05-17T00:00:00,1914,66270,43268,2017-05-17T00:00:00,2017-04-14T18:10:00,BUD,Budapest,Station,LTN,London Luton,Station,Wizz Air,Wizz Air
323,26296,HUF,True,1914,43268,66270,2017-05-17T00:00:00,1914,66270,43268,2017-05-18T00:00:00,2017-04-13T19:24:00,BUD,Budapest,Station,LTN,London Luton,Station,Wizz Air,Wizz Air
324,24878,HUF,True,1914,43268,66270,2017-05-17T00:00:00,1914,66270,43268,2017-05-19T00:00:00,2017-04-12T10:59:00,BUD,Budapest,Station,LTN,London Luton,Station,Wizz Air,Wizz Air
325,27515,HUF,True,1914,43268,66270,2017-05-17T00:00:00,1914,66270,43268,2017-05-20T00:00:00,2017-04-03T20:12:00,BUD,Budapest,Station,LTN,London Luton,Station,Wizz Air,Wizz Air
326,30416,HUF,True,1914,43268,66270,2017-05-17T00:00:00,1914,66270,43268,2017-05-21T00:00:00,2017-04-15T17:08:00,BUD,Budapest,Station,LTN,London Luton,Station,Wizz Air,Wizz Air
327,20605,HUF,True,1914,43268,66270,2017-05-17T00:00:00,1914,66270,43268,2017-05-22T00:00:00,2017-04-12T06:31:00,BUD,Budapest,Station,LTN,London Luton,Station,Wizz Air,Wizz Air
328,33001,HUF,True,1914,43268,66270,2017-05-17T00:00:00,885,81678,43268,2017-05-23T00:00:00,2017-04-17T10:43:00,BUD,Budapest,Station,SEN,London Southend Mncpl,Station,Wizz Air,Flybe
329,23749,HUF,True,1914,43268,66270,2017-05-17T00:00:00,1914,66270,43268,2017-05-24T00:00:00,2017-04-08T18:21:00,BUD,Budapest,Station,LTN,London Luton,Station,Wizz Air,Wizz Air
330,31007,HUF,True,1914,43268,66270,2017-05-17T00:00:00,1914,66270,43268,2017-05-25T00:00:00,2017-04-03T19:14:00,BUD,Budapest,Station,LTN,London Luton,Station,Wizz Air,Wizz Air
331,37292,HUF,True,1914,43268,66270,2017-05-17T00:00:00,1914,66270,43268,2017-05-27T00:00:00,2017-04-07T16:12:00,BUD,Budapest,Station,LTN,London Luton,Station,Wizz Air,Wizz Air
332,24725,HUF,True,1914,43268,66270,2017-05-17T00:00:00,1914,66270,43268,2017-05-28T00:00:00,2017-04-03T11:56:00,BUD,Budapest,Station,LTN,London Luton,Station,Wizz Air,Wizz Air
333,23155,HUF,True,1914,43268,66270,2017-05-17T00:00:00,1914,66270,43268,2017-05-29T00:00:00,2017-04-03T11:56:00,BUD,Budapest,Station,LTN,London Luton,Station,Wizz Air,Wizz Air
334,53300,HUF,True,881,43268,65698,2017-05-17T00:00:00,881,65698,43268,2017-05-31T00:00:00,2017-04-12T07:29:00,BUD,Budapest,Station,LHR,London Heathrow,Station,British Airways,British Airways
335,52387,HUF,False,838,43268,65698,2017-05-17T00:00:00,838,65698,43268,2017-05-31T00:00:00,2017-04-12T07:29:00,BUD,Budapest,Station,LHR,London Heathrow,Station,Air France,Air France
340,28617,HUF,True,1914,43268,66270,2017-05-18T00:00:00,1914,66270,43268,2017-05-18T00:00:00,2017-04-14T18:10:00,BUD,Budapest,Station,LTN,London Luton,Station,Wizz Air,Wizz Air
341,56689,HUF,True,881,43268,65698,2017-05-18T00:00:00,881,65698,43268,2017-05-19T00:00:00,2017-04-10T07:42:00,BUD,Budapest,Station,LHR,London Heathrow,Station,British Airways,British Airways
342,25955,HUF,True,885,43268,81678,2017-05-18T00:00:00,885,81678,43268,2017-05-20T00:00:00,2017-04-17T08:08:00,BUD,Budapest,Station,SEN,London Southend Mncpl,Station,Flybe,Flybe
343,28617,HUF,True,1914,43268,66270,2017-05-18T00:00:00,1914,66270,43268,2017-05-21T00:00:00,2017-04-16T21:25:00,BUD,Budapest,Station,LTN,London Luton,Station,Wizz Air,Wizz Air
344,23905,HUF,True,1914,43268,66270,2017-05-18T00:00:00,1914,66270,43268,2017-05-22T00:00:00,2017-04-16T13:53:00,BUD,Budapest,Station,LTN,London Luton,Station,Wizz Air,Wizz Air
345,23905,HUF,True,1914,43268,66270,2017-05-18T00:00:00,1914,66270,43268,2017-05-23T00:00:00,2017-04-15T16:32:00,BUD,Budapest,Station,LTN,London Luton,Station,Wizz Air,Wizz Air
346,19863,HUF,True,1914,43268,66270,2017-05-18T00:00:00,1914,66270,43268,2017-05-24T00:00:00,2017-04-10T10:26:00,BUD,Budapest,Station,LTN,London Luton,Station,Wizz Air,Wizz Air
347,32468,HUF,True,885,43268,81678,2017-05-18T00:00:00,885,81678,43268,2017-05-25T00:00:00,2017-04-04T09:59:00,BUD,Budapest,Station,SEN,London Southend Mncpl,Station,Flybe,Flybe
348,42758,HUF,True,1914,43268,66270,2017-05-18T00:00:00,1914,66270,43268,2017-05-26T00:00:00,2017-04-04T09:59:00,BUD,Budapest,Station,LTN,London Luton,Station,Wizz Air,Wizz Air
349,45899,HUF,True,1914,43268,66270,2017-05-18T00:00:00,1914,66270,43268,2017-05-27T00:00:00,2017-04-16T11:56:00,BUD,Budapest,Station,LTN,London Luton,Station,Wizz Air,Wizz Air
350,22335,HUF,True,1914,43268,66270,2017-05-18T00:00:00,1914,66270,43268,2017-05-28T00:00:00,2017-04-04T09:59:00,BUD,Budapest,Station,LTN,London Luton,Station,Wizz Air,Wizz Air
351,22335,HUF,True,1914,43268,66270,2017-05-18T00:00:00,1914,66270,43268,2017-05-29T00:00:00,2017-04-03T11:58:00,BUD,Budapest,Station,LTN,London Luton,Station,Wizz Air,Wizz Air
352,22335,HUF,True,1914,43268,66270,2017-05-18T00:00:00,1914,66270,43268,2017-05-31T00:00:00,2017-04-09T18:27:00,BUD,Budapest,Station,LTN,London Luton,Station,Wizz Air,Wizz Air
356,35196,HUF,True,1914,43268,66270,2017-05-19T00:00:00,1914,66270,43268,2017-05-19T00:00:00,2017-04-14T21:12:00,BUD,Budapest,Station,LTN,London Luton,Station,Wizz Air,Wizz Air
357,26817,HUF,True,1914,43268,66270,2017-05-19T00:00:00,1914,66270,43268,2017-05-20T00:00:00,2017-04-03T17:06:00,BUD,Budapest,Station,LTN,London Luton,Station,Wizz Air,Wizz Air
358,30313,HUF,True,1914,43268,66270,2017-05-19T00:00:00,1914,66270,43268,2017-05-21T00:00:00,2017-04-17T11:13:00,BUD,Budapest,Station,LTN,London Luton,Station,Wizz Air,Wizz Air
359,27172,HUF,True,1914,43268,66270,2017-05-19T00:00:00,1914,66270,43268,2017-05-22T00:00:00,2017-04-16T18:18:00,BUD,Budapest,Station,LTN,London Luton,Station,Wizz Air,Wizz Air
360,27172,HUF,True,1914,43268,66270,2017-05-19T00:00:00,1914,66270,43268,2017-05-23T00:00:00,2017-04-15T09:28:00,BUD,Budapest,Station,LTN,London Luton,Station,Wizz Air,Wizz Air
361,23155,HUF,True,1914,43268,66270,2017-05-19T00:00:00,1914,66270,43268,2017-05-24T00:00:00,2017-04-05T03:28:00,BUD,Budapest,Station,LTN,London Luton,Station,Wizz Air,Wizz Air
362,67444,HUF,True,881,43268,65698,2017-05-19T00:00:00,881,65698,43268,2017-05-25T00:00:00,2017-04-17T11:06:00,BUD,Budapest,Station,LHR,London Heathrow,Station,British Airways,British Airways
363,61703,HUF,False,1368,43268,65698,2017-05-19T00:00:00,1523,65698,43268,2017-05-25T00:00:00,2017-04-12T20:48:00,BUD,Budapest,Station,LHR,London Heathrow,Station,Lufthansa,Austrian Airlines
364,112340,HUF,True,881,43268,65698,2017-05-19T00:00:00,881,65698,43268,2017-05-26T00:00:00,2017-04-13T03:59:00,BUD,Budapest,Station,LHR,London Heathrow,Station,British Airways,British Airways
366,49165,HUF,True,1914,43268,66270,2017-05-19T00:00:00,1914,66270,43268,2017-05-27T00:00:00,2017-04-16T06:01:00,BUD,Budapest,Station,LTN,London Luton,Station,Wizz Air,Wizz Air
367,19870,HUF,True,1914,43268,66270,2017-05-19T00:00:00,1914,66270,43268,2017-05-28T00:00:00,2017-04-11T07:24:00,BUD,Budapest,Station,LTN,London Luton,Station,Wizz Air,Wizz Air
368,23155,HUF,True,1914,43268,66270,2017-05-19T00:00:00,1914,66270,43268,2017-05-29T00:00:00,2017-04-06T07:12:00,BUD,Budapest,Station,LTN,London Luton,Station,Wizz Air,Wizz Air
369,26296,HUF,True,1914,43268,66270,2017-05-19T00:00:00,1914,66270,43268,2017-05-30T00:00:00,2017-04-10T22:45:00,BUD,Budapest,Station,LTN,London Luton,Station,Wizz Air,Wizz Air
378,35027,HUF,True,1914,43268,66270,2017-05-20T00:00:00,1914,66270,43268,2017-05-20T00:00:00,2017-04-13T17:18:00,BUD,Budapest,Station,LTN,London Luton,Station,Wizz Air,Wizz Air
379,34818,HUF,True,1914,43268,66270,2017-05-20T00:00:00,1914,66270,43268,2017-05-21T00:00:00,2017-04-14T20:03:00,BUD,Budapest,Station,LTN,London Luton,Station,Wizz Air,Wizz Air
380,28639,HUF,True,1914,43268,66270,2017-05-20T00:00:00,1914,66270,43268,2017-05-22T00:00:00,2017-04-17T07:25:00,BUD,Budapest,Station,LTN,London Luton,Station,Wizz Air,Wizz Air
381,25955,HUF,True,885,43268,81678,2017-05-20T00:00:00,885,81678,43268,2017-05-23T00:00:00,2017-04-17T07:21:00,BUD,Budapest,Station,SEN,London Southend Mncpl,Station,Flybe,Flybe
382,30209,HUF,True,1914,43268,66270,2017-05-20T00:00:00,1914,66270,43268,2017-05-24T00:00:00,2017-04-17T07:21:00,BUD,Budapest,Station,LTN,London Luton,Station,Wizz Air,Wizz Air
383,38065,HUF,True,1914,43268,66270,2017-05-20T00:00:00,1914,66270,43268,2017-05-25T00:00:00,2017-04-17T07:22:00,BUD,Budapest,Station,LTN,London Luton,Station,Wizz Air,Wizz Air
384,61107,HUF,True,1914,43268,66270,2017-05-20T00:00:00,1914,66270,43268,2017-05-26T00:00:00,2017-04-17T07:22:00,BUD,Budapest,Station,LTN,London Luton,Station,Wizz Air,Wizz Air
385,46922,HUF,True,885,43268,81678,2017-05-20T00:00:00,885,81678,43268,2017-05-27T00:00:00,2017-04-13T13:47:00,BUD,Budapest,Station,SEN,London Southend Mncpl,Station,Flybe,Flybe
386,28845,HUF,True,1914,43268,66270,2017-05-20T00:00:00,1914,66270,43268,2017-05-28T00:00:00,2017-04-10T13:00:00,BUD,Budapest,Station,LTN,London Luton,Station,Wizz Air,Wizz Air
387,24134,HUF,True,1914,43268,66270,2017-05-20T00:00:00,1914,66270,43268,2017-05-29T00:00:00,2017-04-03T11:58:00,BUD,Budapest,Station,LTN,London Luton,Station,Wizz Air,Wizz Air
388,35220,HUF,True,885,43268,81678,2017-05-20T00:00:00,885,81678,43268,2017-05-30T00:00:00,2017-04-17T07:23:00,BUD,Budapest,Station,SEN,London Southend Mncpl,Station,Flybe,Flybe
391,37752,HUF,True,1914,43268,66270,2017-05-21T00:00:00,1914,66270,43268,2017-05-21T00:00:00,2017-04-15T19:21:00,BUD,Budapest,Station,LTN,London Luton,Station,Wizz Air,Wizz Air
392,29396,HUF,True,1914,43268,66270,2017-05-21T00:00:00,1914,66270,43268,2017-05-22T00:00:00,2017-04-15T14:23:00,BUD,Budapest,Station,LTN,London Luton,Station,Wizz Air,Wizz Air
393,31859,HUF,True,1914,43268,66270,2017-05-21T00:00:00,1914,66270,43268,2017-05-23T00:00:00,2017-04-05T13:00:00,BUD,Budapest,Station,LTN,London Luton,Station,Wizz Air,Wizz Air
394,38625,HUF,True,1914,43268,66270,2017-05-21T00:00:00,1914,66270,43268,2017-05-24T00:00:00,2017-04-09T16:15:00,BUD,Budapest,Station,LTN,London Luton,Station,Wizz Air,Wizz Air
395,32390,HUF,True,1914,43268,66270,2017-05-21T00:00:00,1914,66270,43268,2017-05-25T00:00:00,2017-04-13T21:07:00,BUD,Budapest,Station,LTN,London Luton,Station,Wizz Air,Wizz Air
396,65508,HUF,True,1914,43268,66270,2017-05-21T00:00:00,1914,66270,43268,2017-05-26T00:00:00,2017-04-17T09:05:00,BUD,Budapest,Station,LTN,London Luton,Station,Wizz Air,Wizz Air
397,31883,HUF,True,1914,43268,66270,2017-05-21T00:00:00,1914,66270,43268,2017-05-27T00:00:00,2017-04-03T19:18:00,BUD,Budapest,Station,LTN,London Luton,Station,Wizz Air,Wizz Air
398,29449,HUF,True,1914,43268,66270,2017-05-21T00:00:00,1914,66270,43268,2017-05-28T00:00:00,2017-04-13T16:47:00,BUD,Budapest,Station,LTN,London Luton,Station,Wizz Air,Wizz Air
399,46348,HUF,True,1914,43268,66270,2017-05-21T00:00:00,1914,66270,43268,2017-05-29T00:00:00,2017-04-13T16:49:00,BUD,Budapest,Station,LTN,London Luton,Station,Wizz Air,Wizz Air
400,36079,HUF,True,1914,43268,66270,2017-05-21T00:00:00,1914,66270,43268,2017-05-31T00:00:00,2017-04-13T12:41:00,BUD,Budapest,Station,LTN,London Luton,Station,Wizz Air,Wizz Air
404,85686,HUF,True,881,43268,65698,2017-05-22T00:00:00,881,65698,43268,2017-05-22T00:00:00,2017-04-11T21:57:00,BUD,Budapest,Station,LHR,London Heathrow,Station,British Airways,British Airways
405,61601,HUF,False,1375,43268,65698,2017-05-22T00:00:00,881,65698,43268,2017-05-23T00:00:00,2017-04-14T11:56:00,BUD,Budapest,Station,LHR,London Heathrow,Station,LOT,British Airways
406,80275,HUF,True,881,43268,65698,2017-05-22T00:00:00,881,65698,43268,2017-05-24T00:00:00,2017-04-13T06:21:00,BUD,Budapest,Station,LHR,London Heathrow,Station,British Airways,British Airways
407,57792,HUF,False,1523,43268,65698,2017-05-22T00:00:00,1523,65698,43268,2017-05-24T00:00:00,2017-04-13T06:21:00,BUD,Budapest,Station,LHR,London Heathrow,Station,Austrian Airlines,Austrian Airlines
408,34974,HUF,True,1914,43268,66270,2017-05-22T00:00:00,1914,66270,43268,2017-05-25T00:00:00,2017-04-03T11:17:00,BUD,Budapest,Station,LTN,London Luton,Station,Wizz Air,Wizz Air
409,49115,HUF,True,1914,43268,66270,2017-05-22T00:00:00,1914,66270,43268,2017-05-26T00:00:00,2017-04-09T13:03:00,BUD,Budapest,Station,LTN,London Luton,Station,Wizz Air,Wizz Air
410,56658,HUF,True,1914,43268,66270,2017-05-22T00:00:00,1914,66270,43268,2017-05-27T00:00:00,2017-04-17T05:42:00,BUD,Budapest,Station,LTN,London Luton,Station,Wizz Air,Wizz Air
411,42520,HUF,True,1914,43268,66270,2017-05-22T00:00:00,1914,66270,43268,2017-05-28T00:00:00,2017-04-13T16:57:00,BUD,Budapest,Station,LTN,London Luton,Station,Wizz Air,Wizz Air
412,37805,HUF,True,1914,43268,66270,2017-05-22T00:00:00,1914,66270,43268,2017-05-29T00:00:00,2017-04-13T16:49:00,BUD,Budapest,Station,LTN,London Luton,Station,Wizz Air,Wizz Air
413,27118,HUF,True,1914,43268,66270,2017-05-22T00:00:00,1914,66270,43268,2017-05-30T00:00:00,2017-04-07T09:49:00,BUD,Budapest,Station,LTN,London Luton,Station,Wizz Air,Wizz Air
414,30159,HUF,True,1914,43268,66270,2017-05-22T00:00:00,1914,66270,43268,2017-05-31T00:00:00,2017-04-10T21:29:00,BUD,Budapest,Station,LTN,London Luton,Station,Wizz Air,Wizz Air
420,27134,HUF,True,1914,43268,66270,2017-05-23T00:00:00,1914,66270,43268,2017-05-23T00:00:00,2017-04-14T18:14:00,BUD,Budapest,Station,LTN,London Luton,Station,Wizz Air,Wizz Air
421,27237,HUF,True,1914,43268,66270,2017-05-23T00:00:00,1914,66270,43268,2017-05-24T00:00:00,2017-04-15T06:02:00,BUD,Budapest,Station,LTN,London Luton,Station,Wizz Air,Wizz Air
422,35093,HUF,True,1914,43268,66270,2017-05-23T00:00:00,1914,66270,43268,2017-05-25T00:00:00,2017-04-15T21:06:00,BUD,Budapest,Station,LTN,London Luton,Station,Wizz Air,Wizz Air
423,58135,HUF,True,1914,43268,66270,2017-05-23T00:00:00,1914,66270,43268,2017-05-26T00:00:00,2017-04-15T06:01:00,BUD,Budapest,Station,LTN,London Luton,Station,Wizz Air,Wizz Air
424,47660,HUF,True,1914,43268,66270,2017-05-23T00:00:00,1914,66270,43268,2017-05-27T00:00:00,2017-04-17T03:10:00,BUD,Budapest,Station,LTN,London Luton,Station,Wizz Air,Wizz Air
425,35093,HUF,True,1914,43268,66270,2017-05-23T00:00:00,1914,66270,43268,2017-05-28T00:00:00,2017-04-17T05:49:00,BUD,Budapest,Station,LTN,London Luton,Station,Wizz Air,Wizz Air
426,28808,HUF,True,1914,43268,66270,2017-05-23T00:00:00,1914,66270,43268,2017-05-29T00:00:00,2017-04-16T11:46:00,BUD,Budapest,Station,LTN,London Luton,Station,Wizz Air,Wizz Air
427,21162,HUF,True,1914,43268,66270,2017-05-23T00:00:00,1914,66270,43268,2017-05-30T00:00:00,2017-04-05T15:41:00,BUD,Budapest,Station,LTN,London Luton,Station,Wizz Air,Wizz Air
428,18609,HUF,True,1914,43268,66270,2017-05-23T00:00:00,1914,66270,43268,2017-05-31T00:00:00,2017-04-07T16:31:00,BUD,Budapest,Station,LTN,London Luton,Station,Wizz Air,Wizz Air
431,25476,HUF,True,1914,43268,66270,2017-05-24T00:00:00,1914,66270,43268,2017-05-24T00:00:00,2017-04-17T09:15:00,BUD,Budapest,Station,LTN,London Luton,Station,Wizz Air,Wizz Air
432,33332,HUF,True,1914,43268,66270,2017-05-24T00:00:00,1914,66270,43268,2017-05-25T00:00:00,2017-04-14T10:14:00,BUD,Budapest,Station,LTN,London Luton,Station,Wizz Air,Wizz Air
433,36288,HUF,True,1914,43268,66270,2017-05-24T00:00:00,1914,66270,43268,2017-05-26T00:00:00,2017-04-07T13:13:00,BUD,Budapest,Station,LTN,London Luton,Station,Wizz Air,Wizz Air
434,67733,HUF,True,881,43268,65698,2017-05-24T00:00:00,881,65698,43268,2017-05-27T00:00:00,2017-04-10T09:41:00,BUD,Budapest,Station,LHR,London Heathrow,Station,British Airways,British Airways
435,36473,HUF,True,1914,43268,66270,2017-05-24T00:00:00,1914,66270,43268,2017-05-28T00:00:00,2017-04-14T21:55:00,BUD,Budapest,Station,LTN,London Luton,Station,Wizz Air,Wizz Air
436,27047,HUF,True,1914,43268,66270,2017-05-24T00:00:00,1914,66270,43268,2017-05-29T00:00:00,2017-04-17T08:43:00,BUD,Budapest,Station,LTN,London Luton,Station,Wizz Air,Wizz Air
437,25476,HUF,True,1914,43268,66270,2017-05-24T00:00:00,1914,66270,43268,2017-05-30T00:00:00,2017-04-17T01:33:00,BUD,Budapest,Station,LTN,London Luton,Station,Wizz Air,Wizz Air
438,27047,HUF,True,1914,43268,66270,2017-05-24T00:00:00,1914,66270,43268,2017-05-31T00:00:00,2017-04-15T07:44:00,BUD,Budapest,Station,LTN,London Luton,Station,Wizz Air,Wizz Air
442,33332,HUF,True,1914,43268,66270,2017-05-25T00:00:00,1914,66270,43268,2017-05-25T00:00:00,2017-04-17T11:07:00,BUD,Budapest,Station,LTN,London Luton,Station,Wizz Air,Wizz Air
443,40571,HUF,True,1914,43268,66270,2017-05-25T00:00:00,1914,66270,43268,2017-05-26T00:00:00,2017-04-05T17:33:00,BUD,Budapest,Station,LTN,London Luton,Station,Wizz Air,Wizz Air
444,45899,HUF,True,1914,43268,66270,2017-05-25T00:00:00,1914,66270,43268,2017-05-27T00:00:00,2017-04-16T16:46:00,BUD,Budapest,Station,LTN,London Luton,Station,Wizz Air,Wizz Air
445,33332,HUF,True,1914,43268,66270,2017-05-25T00:00:00,1914,66270,43268,2017-05-28T00:00:00,2017-04-15T17:11:00,BUD,Budapest,Station,LTN,London Luton,Station,Wizz Air,Wizz Air
446,27047,HUF,True,1914,43268,66270,2017-05-25T00:00:00,1914,66270,43268,2017-05-29T00:00:00,2017-04-16T02:49:00,BUD,Budapest,Station,LTN,London Luton,Station,Wizz Air,Wizz Air
447,25476,HUF,True,1914,43268,66270,2017-05-25T00:00:00,1914,66270,43268,2017-05-30T00:00:00,2017-04-15T13:48:00,BUD,Budapest,Station,LTN,London Luton,Station,Wizz Air,Wizz Air
448,27047,HUF,True,1914,43268,66270,2017-05-25T00:00:00,1914,66270,43268,2017-05-31T00:00:00,2017-04-15T08:53:00,BUD,Budapest,Station,LTN,London Luton,Station,Wizz Air,Wizz Air
453,56217,HUF,True,1914,43268,66270,2017-05-26T00:00:00,1914,66270,43268,2017-05-26T00:00:00,2017-04-14T18:07:00,BUD,Budapest,Station,LTN,London Luton,Station,Wizz Air,Wizz Air
454,45743,HUF,True,1914,43268,66270,2017-05-26T00:00:00,1914,66270,43268,2017-05-27T00:00:00,2017-04-17T10:32:00,BUD,Budapest,Station,LTN,London Luton,Station,Wizz Air,Wizz Air
455,33175,HUF,True,1914,43268,66270,2017-05-26T00:00:00,1914,66270,43268,2017-05-28T00:00:00,2017-04-17T00:37:00,BUD,Budapest,Station,LTN,London Luton,Station,Wizz Air,Wizz Air
456,28461,HUF,True,1914,43268,66270,2017-05-26T00:00:00,1914,66270,43268,2017-05-29T00:00:00,2017-04-16T17:58:00,BUD,Budapest,Station,LTN,London Luton,Station,Wizz Air,Wizz Air
457,25320,HUF,True,1914,43268,66270,2017-05-26T00:00:00,1914,66270,43268,2017-05-30T00:00:00,2017-04-11T05:37:00,BUD,Budapest,Station,LTN,London Luton,Station,Wizz Air,Wizz Air
458,16594,HUF,True,1914,43268,66270,2017-05-26T00:00:00,1914,66270,43268,2017-05-31T00:00:00,2017-04-12T16:10:00,BUD,Budapest,Station,LTN,London Luton,Station,Wizz Air,Wizz Air
462,45899,HUF,True,1914,43268,66270,2017-05-27T00:00:00,1914,66270,43268,2017-05-27T00:00:00,2017-04-14T18:07:00,BUD,Budapest,Station,LTN,London Luton,Station,Wizz Air,Wizz Air
463,33332,HUF,True,1914,43268,66270,2017-05-27T00:00:00,1914,66270,43268,2017-05-28T00:00:00,2017-04-16T16:10:00,BUD,Budapest,Station,LTN,London Luton,Station,Wizz Air,Wizz Air
464,27047,HUF,True,1914,43268,66270,2017-05-27T00:00:00,1914,66270,43268,2017-05-29T00:00:00,2017-04-12T16:43:00,BUD,Budapest,Station,LTN,London Luton,Station,Wizz Air,Wizz Air
465,25476,HUF,True,1914,43268,66270,2017-05-27T00:00:00,1914,66270,43268,2017-05-30T00:00:00,2017-04-12T15:51:00,BUD,Budapest,Station,LTN,London Luton,Station,Wizz Air,Wizz Air
466,25476,HUF,True,1914,43268,66270,2017-05-27T00:00:00,1914,66270,43268,2017-05-31T00:00:00,2017-04-12T21:19:00,BUD,Budapest,Station,LTN,London Luton,Station,Wizz Air,Wizz Air
471,36182,HUF,True,1914,43268,66270,2017-05-28T00:00:00,1914,66270,43268,2017-05-29T00:00:00,2017-04-12T16:44:00,BUD,Budapest,Station,LTN,London Luton,Station,Wizz Air,Wizz Air
472,27068,HUF,True,1914,43268,66270,2017-05-28T00:00:00,1914,66270,43268,2017-05-30T00:00:00,2017-04-05T16:51:00,BUD,Budapest,Station,LTN,London Luton,Station,Wizz Air,Wizz Air
473,25495,HUF,True,1914,43268,66270,2017-05-28T00:00:00,1914,66270,43268,2017-05-31T00:00:00,2017-04-05T12:39:00,BUD,Budapest,Station,LTN,London Luton,Station,Wizz Air,Wizz Air
476,57321,HUF,True,1914,43268,66270,2017-05-29T00:00:00,1914,66270,43268,2017-05-29T00:00:00,2017-04-16T15:37:00,BUD,Budapest,Station,LTN,London Luton,Station,Wizz Air,Wizz Air
477,30003,HUF,True,1914,43268,66270,2017-05-29T00:00:00,1914,66270,43268,2017-05-30T00:00:00,2017-04-05T17:30:00,BUD,Budapest,Station,LTN,London Luton,Station,Wizz Air,Wizz Air
478,47225,HUF,True,1914,43268,66270,2017-05-29T00:00:00,1914,66270,43268,2017-05-31T00:00:00,2017-04-11T19:08:00,BUD,Budapest,Station,LTN,London Luton,Station,Wizz Air,Wizz Air
481,49998,HUF,True,1914,43268,66270,2017-05-30T00:00:00,1914,66270,43268,2017-05-30T00:00:00,2017-04-16T15:37:00,BUD,Budapest,Station,LTN,London Luton,Station,Wizz Air,Wizz Air
482,44497,HUF,True,1914,43268,66270,2017-05-30T00:00:00,1914,66270,43268,2017-05-31T00:00:00,2017-04-17T00:41:00,BUD,Budapest,Station,LTN,London Luton,Station,Wizz Air,Wizz Air
486,25447,HUF,True,1914,43268,66270,2017-05-31T00:00:00,1914,66270,43268,2017-05-31T00:00:00,2017-04-02T12:48:00,BUD,Budapest,Station,LTN,London Luton,Station,Wizz Air,Wizz Air
